who,id,alg_name,alg_type,val,sds
monkeys, 0, OMCO, Other, 0.194275, 0.054980
monkeys, 0, OCOM, Other, 0.018268, 0.028070
monkeys, 0, OOMC, Recursive, 0.037946, 0.033098
monkeys, 0, OMOC, Tail, 0.655383, 0.071536
monkeys, 0, OOCM, Crossing, 0.073985, 0.031937
monkeys, 0, OCCO, Other, 0.005393, 0.011945
monkeys, 0, CCOO, Other, 0.000672, 0.002296
monkeys, 0, COCO, Other, 0.000619, 0.001935
monkeys, 0, COOM, Other, 0.013460, 0.010207
monkeys, 1, OMCO, Other, 0.159338, 0.053432
monkeys, 1, OCOM, Other, 0.034236, 0.028947
monkeys, 1, OOMC, Recursive, 0.301913, 0.157527
monkeys, 1, OMOC, Tail, 0.128289, 0.061800
monkeys, 1, OOCM, Crossing, 0.366958, 0.128529
monkeys, 1, OCCO, Other, 0.004536, 0.009714
monkeys, 1, CCOO, Other, 0.001193, 0.003662
monkeys, 1, COCO, Other, 0.001230, 0.003366
monkeys, 1, COOM, Other, 0.002306, 0.004518
monkeys, 2, OMCO, Other, 0.258337, 0.073400
monkeys, 2, OCOM, Other, 0.133538, 0.046663
monkeys, 2, OOMC, Recursive, 0.309671, 0.112703
monkeys, 2, OMOC, Tail, 0.102492, 0.063823
monkeys, 2, OOCM, Crossing, 0.172710, 0.080533
monkeys, 2, OCCO, Other, 0.015066, 0.028535
monkeys, 2, CCOO, Other, 0.002002, 0.004935
monkeys, 2, COCO, Other, 0.002760, 0.007174
monkeys, 2, COOM, Other, 0.003424, 0.007210
kids, 3, OMCO, Other, 0.014964, 0.021888
kids, 3, OCOM, Other, 0.026215, 0.026468
kids, 3, OOMC, Recursive, 0.414351, 0.120590
kids, 3, OMOC, Tail, 0.017553, 0.028041
kids, 3, OOCM, Crossing, 0.441780, 0.115266
kids, 3, OCCO, Other, 0.011389, 0.018581
kids, 3, CCOO, Other, 0.024469, 0.037612
kids, 3, COCO, Other, 0.014806, 0.030425
kids, 3, COOM, Other, 0.034471, 0.046321
kids, 4, OMCO, Other, 0.019084, 0.028858
kids, 4, OCOM, Other, 0.019583, 0.022274
kids, 4, OOMC, Recursive, 0.627770, 0.116312
kids, 4, OMOC, Tail, 0.017534, 0.024773
kids, 4, OOCM, Crossing, 0.284220, 0.107836
kids, 4, OCCO, Other, 0.009353, 0.014895
kids, 4, CCOO, Other, 0.005664, 0.010358
kids, 4, COCO, Other, 0.006155, 0.009991
kids, 4, COOM, Other, 0.010636, 0.017611
kids, 5, OMCO, Other, 0.032069, 0.040767
kids, 5, OCOM, Other, 0.020938, 0.023582
kids, 5, OOMC, Recursive, 0.461087, 0.124810
kids, 5, OMOC, Tail, 0.021584, 0.028765
kids, 5, OOCM, Crossing, 0.209799, 0.110937
kids, 5, OCCO, Other, 0.021727, 0.027338
kids, 5, CCOO, Other, 0.087772, 0.061821
kids, 5, COCO, Other, 0.009051, 0.016396
kids, 5, COOM, Other, 0.135973, 0.080932
kids, 6, OMCO, Other, 0.041412, 0.046841
kids, 6, OCOM, Other, 0.091943, 0.054501
kids, 6, OOMC, Recursive, 0.514557, 0.120103
kids, 6, OMOC, Tail, 0.019206, 0.027610
kids, 6, OOCM, Crossing, 0.206122, 0.096428
kids, 6, OCCO, Other, 0.018345, 0.030626
kids, 6, CCOO, Other, 0.010814, 0.019785
kids, 6, COCO, Other, 0.071084, 0.076025
kids, 6, COOM, Other, 0.026518, 0.044672
kids, 7, OMCO, Other, 0.021997, 0.037614
kids, 7, OCOM, Other, 0.049332, 0.043494
kids, 7, OOMC, Recursive, 0.362108, 0.118432
kids, 7, OMOC, Tail, 0.018158, 0.029417
kids, 7, OOCM, Crossing, 0.461829, 0.115515
kids, 7, OCCO, Other, 0.044269, 0.041079
kids, 7, CCOO, Other, 0.013756, 0.021008
kids, 7, COCO, Other, 0.011400, 0.021095
kids, 7, COOM, Other, 0.017152, 0.026127
kids, 8, OMCO, Other, 0.017332, 0.025002
kids, 8, OCOM, Other, 0.044899, 0.028949
kids, 8, OOMC, Recursive, 0.605323, 0.126679
kids, 8, OMOC, Tail, 0.018772, 0.029259
kids, 8, OOCM, Crossing, 0.287141, 0.118156
kids, 8, OCCO, Other, 0.008537, 0.014084
kids, 8, CCOO, Other, 0.005691, 0.008571
kids, 8, COCO, Other, 0.005377, 0.010245
kids, 8, COOM, Other, 0.006928, 0.012685
kids, 9, OMCO, Other, 0.020651, 0.027658
kids, 9, OCOM, Other, 0.019534, 0.024090
kids, 9, OOMC, Recursive, 0.420852, 0.132734
kids, 9, OMOC, Tail, 0.015891, 0.022241
kids, 9, OOCM, Crossing, 0.483484, 0.126073
kids, 9, OCCO, Other, 0.008403, 0.015334
kids, 9, CCOO, Other, 0.007880, 0.013577
kids, 9, COCO, Other, 0.009432, 0.019025
kids, 9, COOM, Other, 0.013874, 0.021965
kids, 10, OMCO, Other, 0.013341, 0.021111
kids, 10, OCOM, Other, 0.017021, 0.017145
kids, 10, OOMC, Recursive, 0.748051, 0.112589
kids, 10, OMOC, Tail, 0.018597, 0.025621
kids, 10, OOCM, Crossing, 0.178228, 0.105423
kids, 10, OCCO, Other, 0.008068, 0.012152
kids, 10, CCOO, Other, 0.005021, 0.010213
kids, 10, COCO, Other, 0.003984, 0.007085
kids, 10, COOM, Other, 0.007689, 0.010624
kids, 11, OMCO, Other, 0.037847, 0.042268
kids, 11, OCOM, Other, 0.174065, 0.077563
kids, 11, OOMC, Recursive, 0.227312, 0.094934
kids, 11, OMOC, Tail, 0.034023, 0.046126
kids, 11, OOCM, Crossing, 0.134448, 0.073170
kids, 11, OCCO, Other, 0.055293, 0.040707
kids, 11, CCOO, Other, 0.125680, 0.060323
kids, 11, COCO, Other, 0.120632, 0.059486
kids, 11, COOM, Other, 0.090699, 0.045210
kids, 12, OMCO, Other, 0.026630, 0.035922
kids, 12, OCOM, Other, 0.143493, 0.063637
kids, 12, OOMC, Recursive, 0.247776, 0.097210
kids, 12, OMOC, Tail, 0.014915, 0.022372
kids, 12, OOCM, Crossing, 0.193965, 0.079210
kids, 12, OCCO, Other, 0.214575, 0.074016
kids, 12, CCOO, Other, 0.040185, 0.038859
kids, 12, COCO, Other, 0.068797, 0.046917
kids, 12, COOM, Other, 0.049665, 0.039029
kids, 13, OMCO, Other, 0.018308, 0.035285
kids, 13, OCOM, Other, 0.024802, 0.028576
kids, 13, OOMC, Recursive, 0.380445, 0.129082
kids, 13, OMOC, Tail, 0.022551, 0.030417
kids, 13, OOCM, Crossing, 0.489670, 0.121584
kids, 13, OCCO, Other, 0.012090, 0.018106
kids, 13, CCOO, Other, 0.009051, 0.016527
kids, 13, COCO, Other, 0.006152, 0.010471
kids, 13, COOM, Other, 0.036932, 0.033775
kids, 14, OMCO, Other, 0.112557, 0.074831
kids, 14, OCOM, Other, 0.054997, 0.056259
kids, 14, OOMC, Recursive, 0.346610, 0.115240
kids, 14, OMOC, Tail, 0.131937, 0.095703
kids, 14, OOCM, Crossing, 0.238837, 0.102007
kids, 14, OCCO, Other, 0.023392, 0.034686
kids, 14, CCOO, Other, 0.040702, 0.042344
kids, 14, COCO, Other, 0.039900, 0.037943
kids, 14, COOM, Other, 0.011065, 0.016715
kids, 15, OMCO, Other, 0.025560, 0.042288
kids, 15, OCOM, Other, 0.048969, 0.046175
kids, 15, OOMC, Recursive, 0.418577, 0.123362
kids, 15, OMOC, Tail, 0.015425, 0.029196
kids, 15, OOCM, Crossing, 0.305803, 0.105872
kids, 15, OCCO, Other, 0.055413, 0.037248
kids, 15, CCOO, Other, 0.010457, 0.018878
kids, 15, COCO, Other, 0.029355, 0.035446
kids, 15, COOM, Other, 0.090441, 0.059711
kids, 16, OMCO, Other, 0.014764, 0.018055
kids, 16, OCOM, Other, 0.049371, 0.060312
kids, 16, OOMC, Recursive, 0.181163, 0.079321
kids, 16, OMOC, Tail, 0.662222, 0.101725
kids, 16, OOCM, Crossing, 0.070125, 0.042192
kids, 16, OCCO, Other, 0.008412, 0.013217
kids, 16, CCOO, Other, 0.003474, 0.006592
kids, 16, COCO, Other, 0.004130, 0.008272
kids, 16, COOM, Other, 0.006339, 0.009337
kids, 17, OMCO, Other, 0.018259, 0.024224
kids, 17, OCOM, Other, 0.022328, 0.026508
kids, 17, OOMC, Recursive, 0.206858, 0.082433
kids, 17, OMOC, Tail, 0.016694, 0.025818
kids, 17, OOCM, Crossing, 0.640411, 0.114009
kids, 17, OCCO, Other, 0.009573, 0.015179
kids, 17, CCOO, Other, 0.024296, 0.051030
kids, 17, COCO, Other, 0.023110, 0.040556
kids, 17, COOM, Other, 0.038471, 0.059192
kids, 18, OMCO, Other, 0.014271, 0.025216
kids, 18, OCOM, Other, 0.017250, 0.017820
kids, 18, OOMC, Recursive, 0.721835, 0.116526
kids, 18, OMOC, Tail, 0.013676, 0.018088
kids, 18, OOCM, Crossing, 0.179760, 0.099399
kids, 18, OCCO, Other, 0.007221, 0.014029
kids, 18, CCOO, Other, 0.012851, 0.021529
kids, 18, COCO, Other, 0.011265, 0.019003
kids, 18, COOM, Other, 0.021871, 0.034340
kids, 19, OMCO, Other, 0.040141, 0.044879
kids, 19, OCOM, Other, 0.081477, 0.054062
kids, 19, OOMC, Recursive, 0.211790, 0.085771
kids, 19, OMOC, Tail, 0.046813, 0.048658
kids, 19, OOCM, Crossing, 0.171839, 0.066136
kids, 19, OCCO, Other, 0.019072, 0.026975
kids, 19, CCOO, Other, 0.104258, 0.054946
kids, 19, COCO, Other, 0.146178, 0.074032
kids, 19, COOM, Other, 0.178430, 0.069672
kids, 20, OMCO, Other, 0.014343, 0.024068
kids, 20, OCOM, Other, 0.041727, 0.030697
kids, 20, OOMC, Recursive, 0.451112, 0.127453
kids, 20, OMOC, Tail, 0.019202, 0.028801
kids, 20, OOCM, Crossing, 0.302340, 0.098945
kids, 20, OCCO, Other, 0.031475, 0.027950
kids, 20, CCOO, Other, 0.006652, 0.014234
kids, 20, COCO, Other, 0.018409, 0.039056
kids, 20, COOM, Other, 0.114740, 0.069225
kids, 21, OMCO, Other, 0.018274, 0.029056
kids, 21, OCOM, Other, 0.276660, 0.075051
kids, 21, OOMC, Recursive, 0.420673, 0.104709
kids, 21, OMOC, Tail, 0.018503, 0.025578
kids, 21, OOCM, Crossing, 0.211408, 0.088717
kids, 21, OCCO, Other, 0.035596, 0.031981
kids, 21, CCOO, Other, 0.005679, 0.010865
kids, 21, COCO, Other, 0.004889, 0.008594
kids, 21, COOM, Other, 0.008319, 0.012333
kids, 22, OMCO, Other, 0.198548, 0.102366
kids, 22, OCOM, Other, 0.123655, 0.071397
kids, 22, OOMC, Recursive, 0.229404, 0.092179
kids, 22, OMOC, Tail, 0.079030, 0.080097
kids, 22, OOCM, Crossing, 0.096418, 0.059645
kids, 22, OCCO, Other, 0.030573, 0.047674
kids, 22, CCOO, Other, 0.007000, 0.011678
kids, 22, COCO, Other, 0.105218, 0.049282
kids, 22, COOM, Other, 0.130152, 0.059735
kids, 23, OMCO, Other, 0.026306, 0.033883
kids, 23, OCOM, Other, 0.020242, 0.022032
kids, 23, OOMC, Recursive, 0.614270, 0.121910
kids, 23, OMOC, Tail, 0.017432, 0.024579
kids, 23, OOCM, Crossing, 0.229705, 0.108732
kids, 23, OCCO, Other, 0.055536, 0.040002
kids, 23, CCOO, Other, 0.024736, 0.022300
kids, 23, COCO, Other, 0.004675, 0.009832
kids, 23, COOM, Other, 0.007098, 0.012224
kids, 24, OMCO, Other, 0.018002, 0.023804
kids, 24, OCOM, Other, 0.292398, 0.076908
kids, 24, OOMC, Recursive, 0.287692, 0.094428
kids, 24, OMOC, Tail, 0.038400, 0.050876
kids, 24, OOCM, Crossing, 0.185449, 0.069414
kids, 24, OCCO, Other, 0.011212, 0.017648
kids, 24, CCOO, Other, 0.052880, 0.035360
kids, 24, COCO, Other, 0.055207, 0.040588
kids, 24, COOM, Other, 0.058761, 0.043039
kids, 25, OMCO, Other, 0.019275, 0.032923
kids, 25, OCOM, Other, 0.042040, 0.035735
kids, 25, OOMC, Recursive, 0.370940, 0.128306
kids, 25, OMOC, Tail, 0.019408, 0.026876
kids, 25, OOCM, Crossing, 0.498959, 0.127837
kids, 25, OCCO, Other, 0.010032, 0.015655
kids, 25, CCOO, Other, 0.019005, 0.030073
kids, 25, COCO, Other, 0.007747, 0.015275
kids, 25, COOM, Other, 0.012595, 0.016206
kids, 26, OMCO, Other, 0.165076, 0.085111
kids, 26, OCOM, Other, 0.158740, 0.064078
kids, 26, OOMC, Recursive, 0.264189, 0.100606
kids, 26, OMOC, Tail, 0.034644, 0.044771
kids, 26, OOCM, Crossing, 0.267268, 0.077319
kids, 26, OCCO, Other, 0.024967, 0.045448
kids, 26, CCOO, Other, 0.010351, 0.019220
kids, 26, COCO, Other, 0.007842, 0.015402
kids, 26, COOM, Other, 0.066922, 0.040606
kids, 27, OMCO, Other, 0.014954, 0.026151
kids, 27, OCOM, Other, 0.035949, 0.037883
kids, 27, OOMC, Recursive, 0.393449, 0.133100
kids, 27, OMOC, Tail, 0.037625, 0.045219
kids, 27, OOCM, Crossing, 0.482094, 0.136361
kids, 27, OCCO, Other, 0.010009, 0.018611
kids, 27, CCOO, Other, 0.005995, 0.010384
kids, 27, COCO, Other, 0.005875, 0.011108
kids, 27, COOM, Other, 0.014050, 0.020483
kids, 28, OMCO, Other, 0.014207, 0.023587
kids, 28, OCOM, Other, 0.016251, 0.018588
kids, 28, OOMC, Recursive, 0.795827, 0.103196
kids, 28, OMOC, Tail, 0.018287, 0.027036
kids, 28, OOCM, Crossing, 0.133431, 0.093052
kids, 28, OCCO, Other, 0.006941, 0.011902
kids, 28, CCOO, Other, 0.004308, 0.007687
kids, 28, COCO, Other, 0.004523, 0.008546
kids, 28, COOM, Other, 0.006226, 0.008394
kids, 29, OMCO, Other, 0.017103, 0.024679
kids, 29, OCOM, Other, 0.206490, 0.084707
kids, 29, OOMC, Recursive, 0.311013, 0.099657
kids, 29, OMOC, Tail, 0.038972, 0.051309
kids, 29, OOCM, Crossing, 0.190897, 0.087182
kids, 29, OCCO, Other, 0.042744, 0.044456
kids, 29, CCOO, Other, 0.097403, 0.059062
kids, 29, COCO, Other, 0.065190, 0.053456
kids, 29, COOM, Other, 0.030188, 0.033664
kids, 30, OMCO, Other, 0.016739, 0.027983
kids, 30, OCOM, Other, 0.074761, 0.040223
kids, 30, OOMC, Recursive, 0.689519, 0.109648
kids, 30, OMOC, Tail, 0.041630, 0.045913
kids, 30, OOCM, Crossing, 0.132538, 0.087928
kids, 30, OCCO, Other, 0.007406, 0.013199
kids, 30, CCOO, Other, 0.010418, 0.016200
kids, 30, COCO, Other, 0.010187, 0.019054
kids, 30, COOM, Other, 0.016802, 0.027004
kids, 31, OMCO, Other, 0.052807, 0.065736
kids, 31, OCOM, Other, 0.079988, 0.058320
kids, 31, OOMC, Recursive, 0.324813, 0.110874
kids, 31, OMOC, Tail, 0.040742, 0.052717
kids, 31, OOCM, Crossing, 0.309852, 0.098764
kids, 31, OCCO, Other, 0.066377, 0.059375
kids, 31, CCOO, Other, 0.013987, 0.020930
kids, 31, COCO, Other, 0.086366, 0.061459
kids, 31, COOM, Other, 0.025069, 0.034124
kids, 32, OMCO, Other, 0.016402, 0.025460
kids, 32, OCOM, Other, 0.034959, 0.034016
kids, 32, OOMC, Recursive, 0.415713, 0.131303
kids, 32, OMOC, Tail, 0.039440, 0.045507
kids, 32, OOCM, Crossing, 0.460148, 0.125330
kids, 32, OCCO, Other, 0.007891, 0.013251
kids, 32, CCOO, Other, 0.007462, 0.013483
kids, 32, COCO, Other, 0.006456, 0.012186
kids, 32, COOM, Other, 0.011528, 0.018117
kids, 33, OMCO, Other, 0.178109, 0.099332
kids, 33, OCOM, Other, 0.047849, 0.047220
kids, 33, OOMC, Recursive, 0.227280, 0.083456
kids, 33, OMOC, Tail, 0.113827, 0.076574
kids, 33, OOCM, Crossing, 0.075256, 0.046310
kids, 33, OCCO, Other, 0.029829, 0.048085
kids, 33, CCOO, Other, 0.049102, 0.045418
kids, 33, COCO, Other, 0.100366, 0.064383
kids, 33, COOM, Other, 0.178382, 0.094309
kids, 34, OMCO, Other, 0.013294, 0.020056
kids, 34, OCOM, Other, 0.024169, 0.027913
kids, 34, OOMC, Recursive, 0.378562, 0.117791
kids, 34, OMOC, Tail, 0.020133, 0.029887
kids, 34, OOCM, Crossing, 0.532915, 0.118337
kids, 34, OCCO, Other, 0.010918, 0.019594
kids, 34, CCOO, Other, 0.006227, 0.013324
kids, 34, COCO, Other, 0.004487, 0.010916
kids, 34, COOM, Other, 0.009295, 0.015197
tsimane, 35, OMCO, Other, 0.008315, 0.017977
tsimane, 35, OCOM, Other, 0.018163, 0.027137
tsimane, 35, OOMC, Recursive, 0.435782, 0.118714
tsimane, 35, OMOC, Tail, 0.008498, 0.022646
tsimane, 35, OOCM, Crossing, 0.494638, 0.113181
tsimane, 35, OCCO, Other, 0.004646, 0.015401
tsimane, 35, CCOO, Other, 0.007994, 0.016952
tsimane, 35, COCO, Other, 0.006367, 0.015531
tsimane, 35, COOM, Other, 0.015597, 0.026668
tsimane, 36, OMCO, Other, 0.010623, 0.018643
tsimane, 36, OCOM, Other, 0.014956, 0.022714
tsimane, 36, OOMC, Recursive, 0.726068, 0.133961
tsimane, 36, OMOC, Tail, 0.008514, 0.018670
tsimane, 36, OOCM, Crossing, 0.221227, 0.122954
tsimane, 36, OCCO, Other, 0.005313, 0.013440
tsimane, 36, CCOO, Other, 0.002427, 0.010037
tsimane, 36, COCO, Other, 0.004233, 0.008695
tsimane, 36, COOM, Other, 0.006637, 0.014201
tsimane, 37, OMCO, Other, 0.012356, 0.026243
tsimane, 37, OCOM, Other, 0.018990, 0.025810
tsimane, 37, OOMC, Recursive, 0.434967, 0.112911
tsimane, 37, OMOC, Tail, 0.006106, 0.013954
tsimane, 37, OOCM, Crossing, 0.478634, 0.109809
tsimane, 37, OCCO, Other, 0.006280, 0.016412
tsimane, 37, CCOO, Other, 0.014135, 0.037102
tsimane, 37, COCO, Other, 0.006298, 0.017090
tsimane, 37, COOM, Other, 0.022235, 0.041770
tsimane, 38, OMCO, Other, 0.009603, 0.024382
tsimane, 38, OCOM, Other, 0.016903, 0.027433
tsimane, 38, OOMC, Recursive, 0.755950, 0.110810
tsimane, 38, OMOC, Tail, 0.006174, 0.014170
tsimane, 38, OOCM, Crossing, 0.165750, 0.097797
tsimane, 38, OCCO, Other, 0.006850, 0.018726
tsimane, 38, CCOO, Other, 0.007190, 0.019090
tsimane, 38, COCO, Other, 0.011458, 0.037525
tsimane, 38, COOM, Other, 0.020121, 0.041913
tsimane, 39, OMCO, Other, 0.065341, 0.074129
tsimane, 39, OCOM, Other, 0.097883, 0.090886
tsimane, 39, OOMC, Recursive, 0.441311, 0.158781
tsimane, 39, OMOC, Tail, 0.031742, 0.053549
tsimane, 39, OOCM, Crossing, 0.169890, 0.114658
tsimane, 39, OCCO, Other, 0.021421, 0.045845
tsimane, 39, CCOO, Other, 0.063514, 0.061628
tsimane, 39, COCO, Other, 0.053856, 0.058445
tsimane, 39, COOM, Other, 0.055042, 0.056771
tsimane, 40, OMCO, Other, 0.009463, 0.019733
tsimane, 40, OCOM, Other, 0.215986, 0.078169
tsimane, 40, OOMC, Recursive, 0.502020, 0.122841
tsimane, 40, OMOC, Tail, 0.010469, 0.024357
tsimane, 40, OOCM, Crossing, 0.239618, 0.104790
tsimane, 40, OCCO, Other, 0.003999, 0.011270
tsimane, 40, CCOO, Other, 0.006154, 0.015689
tsimane, 40, COCO, Other, 0.003687, 0.010755
tsimane, 40, COOM, Other, 0.008604, 0.017407
tsimane, 41, OMCO, Other, 0.008382, 0.014442
tsimane, 41, OCOM, Other, 0.013694, 0.021927
tsimane, 41, OOMC, Recursive, 0.770027, 0.120058
tsimane, 41, OMOC, Tail, 0.008742, 0.028541
tsimane, 41, OOCM, Crossing, 0.156239, 0.099271
tsimane, 41, OCCO, Other, 0.003759, 0.010715
tsimane, 41, CCOO, Other, 0.007227, 0.021641
tsimane, 41, COCO, Other, 0.011965, 0.032364
tsimane, 41, COOM, Other, 0.019965, 0.036939
tsimane, 42, OMCO, Other, 0.008516, 0.018884
tsimane, 42, OCOM, Other, 0.015534, 0.023729
tsimane, 42, OOMC, Recursive, 0.761604, 0.118730
tsimane, 42, OMOC, Tail, 0.006503, 0.020655
tsimane, 42, OOCM, Crossing, 0.161385, 0.099594
tsimane, 42, OCCO, Other, 0.003885, 0.010565
tsimane, 42, CCOO, Other, 0.007999, 0.019840
tsimane, 42, COCO, Other, 0.006213, 0.014800
tsimane, 42, COOM, Other, 0.028362, 0.055901
tsimane, 43, OMCO, Other, 0.009780, 0.020516
tsimane, 43, OCOM, Other, 0.013570, 0.017480
tsimane, 43, OOMC, Recursive, 0.764439, 0.109447
tsimane, 43, OMOC, Tail, 0.009581, 0.020997
tsimane, 43, OOCM, Crossing, 0.147077, 0.090580
tsimane, 43, OCCO, Other, 0.004476, 0.011282
tsimane, 43, CCOO, Other, 0.011411, 0.026562
tsimane, 43, COCO, Other, 0.017059, 0.036911
tsimane, 43, COOM, Other, 0.022607, 0.043518
tsimane, 44, OMCO, Other, 0.011900, 0.021178
tsimane, 44, OCOM, Other, 0.187144, 0.082710
tsimane, 44, OOMC, Recursive, 0.514917, 0.122741
tsimane, 44, OMOC, Tail, 0.012840, 0.024675
tsimane, 44, OOCM, Crossing, 0.187208, 0.086708
tsimane, 44, OCCO, Other, 0.006331, 0.014870
tsimane, 44, CCOO, Other, 0.015458, 0.032624
tsimane, 44, COCO, Other, 0.007726, 0.021321
tsimane, 44, COOM, Other, 0.056476, 0.069601
tsimane, 45, OMCO, Other, 0.007448, 0.015554
tsimane, 45, OCOM, Other, 0.061953, 0.066164
tsimane, 45, OOMC, Recursive, 0.401379, 0.109991
tsimane, 45, OMOC, Tail, 0.059581, 0.069523
tsimane, 45, OOCM, Crossing, 0.433045, 0.108362
tsimane, 45, OCCO, Other, 0.005735, 0.022191
tsimane, 45, CCOO, Other, 0.005889, 0.021529
tsimane, 45, COCO, Other, 0.005690, 0.014552
tsimane, 45, COOM, Other, 0.019281, 0.035073
tsimane, 46, OMCO, Other, 0.011575, 0.024522
tsimane, 46, OCOM, Other, 0.014581, 0.021267
tsimane, 46, OOMC, Recursive, 0.564929, 0.128732
tsimane, 46, OMOC, Tail, 0.010825, 0.029197
tsimane, 46, OOCM, Crossing, 0.369733, 0.130583
tsimane, 46, OCCO, Other, 0.005820, 0.012607
tsimane, 46, CCOO, Other, 0.006641, 0.012925
tsimane, 46, COCO, Other, 0.005203, 0.012667
tsimane, 46, COOM, Other, 0.010693, 0.017440
tsimane, 47, OMCO, Other, 0.007492, 0.017784
tsimane, 47, OCOM, Other, 0.015347, 0.022495
tsimane, 47, OOMC, Recursive, 0.768266, 0.124035
tsimane, 47, OMOC, Tail, 0.013129, 0.028142
tsimane, 47, OOCM, Crossing, 0.155766, 0.110955
tsimane, 47, OCCO, Other, 0.003010, 0.008005
tsimane, 47, CCOO, Other, 0.014121, 0.028715
tsimane, 47, COCO, Other, 0.006710, 0.017670
tsimane, 47, COOM, Other, 0.016159, 0.029454
tsimane, 48, OMCO, Other, 0.010946, 0.023447
tsimane, 48, OCOM, Other, 0.173340, 0.076498
tsimane, 48, OOMC, Recursive, 0.495669, 0.122608
tsimane, 48, OMOC, Tail, 0.017817, 0.039383
tsimane, 48, OOCM, Crossing, 0.277499, 0.102169
tsimane, 48, OCCO, Other, 0.010063, 0.024337
tsimane, 48, CCOO, Other, 0.004058, 0.010972
tsimane, 48, COCO, Other, 0.003370, 0.013450
tsimane, 48, COOM, Other, 0.007236, 0.014045
tsimane, 49, OMCO, Other, 0.012617, 0.029839
tsimane, 49, OCOM, Other, 0.018807, 0.029019
tsimane, 49, OOMC, Recursive, 0.373233, 0.128043
tsimane, 49, OMOC, Tail, 0.009235, 0.021207
tsimane, 49, OOCM, Crossing, 0.501753, 0.118761
tsimane, 49, OCCO, Other, 0.006525, 0.018652
tsimane, 49, CCOO, Other, 0.009004, 0.018240
tsimane, 49, COCO, Other, 0.004652, 0.015095
tsimane, 49, COOM, Other, 0.064175, 0.058192
tsimane, 50, OMCO, Other, 0.009828, 0.021265
tsimane, 50, OCOM, Other, 0.016225, 0.021308
tsimane, 50, OOMC, Recursive, 0.713565, 0.118088
tsimane, 50, OMOC, Tail, 0.011371, 0.018727
tsimane, 50, OOCM, Crossing, 0.207094, 0.098974
tsimane, 50, OCCO, Other, 0.004793, 0.010998
tsimane, 50, CCOO, Other, 0.009202, 0.019266
tsimane, 50, COCO, Other, 0.009770, 0.019801
tsimane, 50, COOM, Other, 0.018152, 0.034290
tsimane, 51, OMCO, Other, 0.011443, 0.020170
tsimane, 51, OCOM, Other, 0.059295, 0.048848
tsimane, 51, OOMC, Recursive, 0.731558, 0.126725
tsimane, 51, OMOC, Tail, 0.011308, 0.025478
tsimane, 51, OOCM, Crossing, 0.167713, 0.112920
tsimane, 51, OCCO, Other, 0.004362, 0.013334
tsimane, 51, CCOO, Other, 0.003882, 0.009646
tsimane, 51, COCO, Other, 0.003395, 0.010761
tsimane, 51, COOM, Other, 0.007043, 0.012194
tsimane, 52, OMCO, Other, 0.014469, 0.025686
tsimane, 52, OCOM, Other, 0.017187, 0.028259
tsimane, 52, OOMC, Recursive, 0.609637, 0.135210
tsimane, 52, OMOC, Tail, 0.012455, 0.029554
tsimane, 52, OOCM, Crossing, 0.302731, 0.123346
tsimane, 52, OCCO, Other, 0.004665, 0.013869
tsimane, 52, CCOO, Other, 0.013581, 0.035646
tsimane, 52, COCO, Other, 0.006558, 0.019687
tsimane, 52, COOM, Other, 0.018716, 0.037294
tsimane, 53, OMCO, Other, 0.010567, 0.030610
tsimane, 53, OCOM, Other, 0.039612, 0.041239
tsimane, 53, OOMC, Recursive, 0.532251, 0.132825
tsimane, 53, OMOC, Tail, 0.024981, 0.043773
tsimane, 53, OOCM, Crossing, 0.358716, 0.126502
tsimane, 53, OCCO, Other, 0.006244, 0.015710
tsimane, 53, CCOO, Other, 0.010392, 0.026041
tsimane, 53, COCO, Other, 0.004333, 0.012780
tsimane, 53, COOM, Other, 0.012903, 0.022510
tsimane, 54, OMCO, Other, 0.034077, 0.052933
tsimane, 54, OCOM, Other, 0.091795, 0.059386
tsimane, 54, OOMC, Recursive, 0.482642, 0.122471
tsimane, 54, OMOC, Tail, 0.007288, 0.018334
tsimane, 54, OOCM, Crossing, 0.273500, 0.102455
tsimane, 54, OCCO, Other, 0.087056, 0.061456
tsimane, 54, CCOO, Other, 0.008220, 0.019079
tsimane, 54, COCO, Other, 0.004655, 0.013595
tsimane, 54, COOM, Other, 0.010767, 0.020208
tsimane, 55, OMCO, Other, 0.005465, 0.014984
tsimane, 55, OCOM, Other, 0.018935, 0.024541
tsimane, 55, OOMC, Recursive, 0.584988, 0.129760
tsimane, 55, OMOC, Tail, 0.010435, 0.025617
tsimane, 55, OOCM, Crossing, 0.323150, 0.132057
tsimane, 55, OCCO, Other, 0.004239, 0.008820
tsimane, 55, CCOO, Other, 0.004777, 0.010316
tsimane, 55, COCO, Other, 0.002644, 0.008345
tsimane, 55, COOM, Other, 0.045366, 0.038574
adults, 56, OMCO, Other, 0.003780, 0.010211
adults, 56, OCOM, Other, 0.001382, 0.003549
adults, 56, OOMC, Recursive, 0.908564, 0.058927
adults, 56, OMOC, Tail, 0.002307, 0.008170
adults, 56, OOCM, Crossing, 0.055546, 0.036740
adults, 56, OCCO, Other, 0.001770, 0.005181
adults, 56, CCOO, Other, 0.011416, 0.027333
adults, 56, COCO, Other, 0.009346, 0.020432
adults, 56, COOM, Other, 0.005889, 0.019617
adults, 57, OMCO, Other, 0.004279, 0.010772
adults, 57, OCOM, Other, 0.001968, 0.004232
adults, 57, OOMC, Recursive, 0.822008, 0.068667
adults, 57, OMOC, Tail, 0.003345, 0.008383
adults, 57, OOCM, Crossing, 0.145159, 0.061468
adults, 57, OCCO, Other, 0.001587, 0.004060
adults, 57, CCOO, Other, 0.008093, 0.019226
adults, 57, COCO, Other, 0.005768, 0.015605
adults, 57, COOM, Other, 0.007793, 0.018947
adults, 58, OMCO, Other, 0.005582, 0.015513
adults, 58, OCOM, Other, 0.004724, 0.011609
adults, 58, OOMC, Recursive, 0.960236, 0.037271
adults, 58, OMOC, Tail, 0.004418, 0.011944
adults, 58, OOCM, Crossing, 0.016700, 0.023807
adults, 58, OCCO, Other, 0.002277, 0.009632
adults, 58, CCOO, Other, 0.002123, 0.004973
adults, 58, COCO, Other, 0.001801, 0.005779
adults, 58, COOM, Other, 0.002139, 0.005388
adults, 59, OMCO, Other, 0.003483, 0.006883
adults, 59, OCOM, Other, 0.001427, 0.003523
adults, 59, OOMC, Recursive, 0.978430, 0.019709
adults, 59, OMOC, Tail, 0.003091, 0.007680
adults, 59, OOCM, Crossing, 0.009448, 0.015267
adults, 59, OCCO, Other, 0.001170, 0.003887
adults, 59, CCOO, Other, 0.001044, 0.002397
adults, 59, COCO, Other, 0.001003, 0.002397
adults, 59, COOM, Other, 0.000902, 0.002163
adults, 60, OMCO, Other, 0.002951, 0.009377
adults, 60, OCOM, Other, 0.001822, 0.004788
adults, 60, OOMC, Recursive, 0.972521, 0.023378
adults, 60, OMOC, Tail, 0.002019, 0.006974
adults, 60, OOCM, Crossing, 0.009777, 0.017231
adults, 60, OCCO, Other, 0.001494, 0.004234
adults, 60, CCOO, Other, 0.000979, 0.002497
adults, 60, COCO, Other, 0.007281, 0.007322
adults, 60, COOM, Other, 0.001157, 0.002633
adults, 61, OMCO, Other, 0.019146, 0.021453
adults, 61, OCOM, Other, 0.049824, 0.027887
adults, 61, OOMC, Recursive, 0.710659, 0.072405
adults, 61, OMOC, Tail, 0.005915, 0.011512
adults, 61, OOCM, Crossing, 0.055212, 0.031460
adults, 61, OCCO, Other, 0.003769, 0.008046
adults, 61, CCOO, Other, 0.047490, 0.033734
adults, 61, COCO, Other, 0.066607, 0.034288
adults, 61, COOM, Other, 0.041378, 0.029634
adults, 62, OMCO, Other, 0.003519, 0.009527
adults, 62, OCOM, Other, 0.001671, 0.003810
adults, 62, OOMC, Recursive, 0.955135, 0.032685
adults, 62, OMOC, Tail, 0.002061, 0.005331
adults, 62, OOCM, Crossing, 0.033716, 0.028023
adults, 62, OCCO, Other, 0.001127, 0.002868
adults, 62, CCOO, Other, 0.001273, 0.002996
adults, 62, COCO, Other, 0.000714, 0.002119
adults, 62, COOM, Other, 0.000784, 0.001807
