who,id,alg_name,alg_type,val,sd
monkeys, 0, C[C(, Other, 0.002025, 0.006629
monkeys, 0, OCOM, Other, 0.003583, 0.009443
monkeys, 0, )O]O, Other, 0.002571, 0.007203
monkeys, 0, ][(), Other, 0.004586, 0.010846
monkeys, 0, CC[(, Other, 0.002294, 0.006316
monkeys, 0, ])[(, Other, 0.002601, 0.007205
monkeys, 0, OCCO, Other, 0.003444, 0.009358
monkeys, 0, )]([, Other, 0.002569, 0.007082
monkeys, 0, [C(M, Other, 0.006462, 0.016105
monkeys, 0, ])OO, Other, 0.001856, 0.006051
monkeys, 0, ()][, Other, 0.004607, 0.009140
monkeys, 0, [)(], Other, 0.003135, 0.008052
monkeys, 0, )[](, Other, 0.002296, 0.006363
monkeys, 0, OO]), Crossing, 0.011289, 0.023252
monkeys, 0, ]([), Other, 0.002635, 0.008394
monkeys, 0, )OO], Other, 0.003749, 0.010454
monkeys, 0, C([M, Other, 0.002252, 0.006450
monkeys, 0, OMCO, Other, 0.007661, 0.020249
monkeys, 0, OOCM, Crossing, 0.007223, 0.015835
monkeys, 0, ([]), Recursive, 0.003043, 0.007762
monkeys, 0, ]O)O, Other, 0.002455, 0.007086
monkeys, 0, ])([, Other, 0.002116, 0.006209
monkeys, 0, COOC, Other, 0.004915, 0.011841
monkeys, 0, O]O), Other, 0.006549, 0.016461
monkeys, 0, )(][, Other, 0.002700, 0.006679
monkeys, 0, OO)], Crossing, 0.005185, 0.011695
monkeys, 0, COCO, Other, 0.002766, 0.007607
monkeys, 0, [](), Tail, 0.606564, 0.070503
monkeys, 0, CCOO, Other, 0.001982, 0.005963
monkeys, 0, [(CM, Crossing, 0.021095, 0.032762
monkeys, 0, CC([, Other, 0.002580, 0.006710
monkeys, 0, )([], Other, 0.002219, 0.006105
monkeys, 0, )[(], Other, 0.005166, 0.012282
monkeys, 0, [])(, Other, 0.129192, 0.051674
monkeys, 0, OMOM, Tail, 0.006205, 0.014496
monkeys, 0, OOMM, Recursive, 0.003459, 0.009060
monkeys, 0, (CC[, Other, 0.003182, 0.008262
monkeys, 0, ][)(, Other, 0.002205, 0.006471
monkeys, 0, (])[, Other, 0.002360, 0.006880
monkeys, 0, [CC(, Other, 0.005545, 0.015520
monkeys, 0, [(]), Other, 0.041355, 0.042092
monkeys, 0, O)O], Other, 0.004506, 0.009001
monkeys, 0, O)]O, Other, 0.002840, 0.007631
monkeys, 0, C[(M, Other, 0.005947, 0.013953
monkeys, 0, (C[M, Other, 0.002800, 0.008011
monkeys, 0, )][(, Other, 0.002241, 0.006283
monkeys, 0, ([)], Other, 0.002622, 0.007347
monkeys, 0, [()], Recursive, 0.013781, 0.019357
monkeys, 0, O])O, Other, 0.005590, 0.017018
monkeys, 0, ()[], Tail, 0.003067, 0.007256
monkeys, 0, ]()[, Other, 0.002574, 0.006856
monkeys, 0, (][), Other, 0.002519, 0.007240
monkeys, 0, [)](, Other, 0.002316, 0.006679
monkeys, 0, ([CM, Crossing, 0.002571, 0.006669
monkeys, 0, ]OO), Other, 0.002755, 0.008520
monkeys, 0, )]OO, Other, 0.002117, 0.006590
monkeys, 0, C(C[, Other, 0.002079, 0.005541
monkeys, 1, C[C(, Other, 0.002365, 0.006572
monkeys, 1, OCOM, Other, 0.007411, 0.017654
monkeys, 1, )O]O, Other, 0.002548, 0.007341
monkeys, 1, ][(), Other, 0.002691, 0.007442
monkeys, 1, CC[(, Other, 0.002650, 0.007596
monkeys, 1, ])[(, Other, 0.002589, 0.007301
monkeys, 1, OCCO, Other, 0.003821, 0.010441
monkeys, 1, )]([, Other, 0.002992, 0.008169
monkeys, 1, [C(M, Other, 0.004719, 0.010979
monkeys, 1, ])OO, Other, 0.002587, 0.007289
monkeys, 1, ()][, Other, 0.055767, 0.043892
monkeys, 1, [)(], Other, 0.007075, 0.013913
monkeys, 1, )[](, Other, 0.002700, 0.007986
monkeys, 1, OO]), Crossing, 0.009930, 0.020916
monkeys, 1, ]([), Other, 0.002561, 0.007626
monkeys, 1, )OO], Other, 0.002399, 0.006546
monkeys, 1, C([M, Other, 0.002573, 0.007649
monkeys, 1, OMCO, Other, 0.008822, 0.020160
monkeys, 1, OOCM, Crossing, 0.030582, 0.055696
monkeys, 1, ([]), Recursive, 0.005729, 0.012638
monkeys, 1, ]O)O, Other, 0.002526, 0.007000
monkeys, 1, ])([, Other, 0.002408, 0.007484
monkeys, 1, COOC, Other, 0.003070, 0.007744
monkeys, 1, O]O), Other, 0.002450, 0.006448
monkeys, 1, )(][, Other, 0.002793, 0.007944
monkeys, 1, OO)], Crossing, 0.177370, 0.142958
monkeys, 1, COCO, Other, 0.003609, 0.009178
monkeys, 1, [](), Tail, 0.005056, 0.010748
monkeys, 1, CCOO, Other, 0.002292, 0.006773
monkeys, 1, [(CM, Crossing, 0.029547, 0.047934
monkeys, 1, CC([, Other, 0.002653, 0.007717
monkeys, 1, )([], Other, 0.002420, 0.007113
monkeys, 1, )[(], Other, 0.002734, 0.007233
monkeys, 1, [])(, Other, 0.003803, 0.009017
monkeys, 1, OMOM, Tail, 0.010183, 0.022162
monkeys, 1, OOMM, Recursive, 0.012354, 0.028812
monkeys, 1, (CC[, Other, 0.009011, 0.020151
monkeys, 1, ][)(, Other, 0.002575, 0.007500
monkeys, 1, (])[, Other, 0.002859, 0.007775
monkeys, 1, [CC(, Other, 0.003046, 0.008172
monkeys, 1, [(]), Other, 0.014839, 0.022951
monkeys, 1, O)O], Other, 0.025756, 0.038283
monkeys, 1, O)]O, Other, 0.007198, 0.018905
monkeys, 1, C[(M, Other, 0.002552, 0.007584
monkeys, 1, (C[M, Other, 0.010505, 0.022146
monkeys, 1, )][(, Other, 0.002868, 0.008165
monkeys, 1, ([)], Other, 0.039206, 0.056799
monkeys, 1, [()], Recursive, 0.385883, 0.124519
monkeys, 1, O])O, Other, 0.003376, 0.008577
monkeys, 1, ()[], Tail, 0.036547, 0.040761
monkeys, 1, ]()[, Other, 0.002177, 0.006220
monkeys, 1, (][), Other, 0.002219, 0.006704
monkeys, 1, [)](, Other, 0.002402, 0.007600
monkeys, 1, ([CM, Crossing, 0.012671, 0.031085
monkeys, 1, ]OO), Other, 0.002058, 0.006112
monkeys, 1, )]OO, Other, 0.001944, 0.006410
monkeys, 1, C(C[, Other, 0.002528, 0.006826
monkeys, 2, C[C(, Other, 0.002443, 0.007199
monkeys, 2, OCOM, Other, 0.025772, 0.050977
monkeys, 2, )O]O, Other, 0.002534, 0.007059
monkeys, 2, ][(), Other, 0.002431, 0.007472
monkeys, 2, CC[(, Other, 0.002568, 0.007445
monkeys, 2, ])[(, Other, 0.002621, 0.007461
monkeys, 2, OCCO, Other, 0.005989, 0.015616
monkeys, 2, )]([, Other, 0.005332, 0.011888
monkeys, 2, [C(M, Other, 0.025778, 0.043951
monkeys, 2, ])OO, Other, 0.002005, 0.006563
monkeys, 2, ()][, Other, 0.112036, 0.058462
monkeys, 2, [)(], Other, 0.035947, 0.051341
monkeys, 2, )[](, Other, 0.001977, 0.006080
monkeys, 2, OO]), Crossing, 0.025528, 0.041033
monkeys, 2, ]([), Other, 0.002063, 0.006350
monkeys, 2, )OO], Other, 0.003705, 0.010491
monkeys, 2, C([M, Other, 0.003787, 0.009543
monkeys, 2, OMCO, Other, 0.007403, 0.019388
monkeys, 2, OOCM, Crossing, 0.039347, 0.061620
monkeys, 2, ([]), Recursive, 0.011101, 0.021939
monkeys, 2, ]O)O, Other, 0.003312, 0.009087
monkeys, 2, ])([, Other, 0.002442, 0.006942
monkeys, 2, COOC, Other, 0.003302, 0.008368
monkeys, 2, O]O), Other, 0.007399, 0.015991
monkeys, 2, )(][, Other, 0.002515, 0.007066
monkeys, 2, OO)], Crossing, 0.024238, 0.042061
monkeys, 2, COCO, Other, 0.003032, 0.007962
monkeys, 2, [](), Tail, 0.012395, 0.019067
monkeys, 2, CCOO, Other, 0.002656, 0.007282
monkeys, 2, [(CM, Crossing, 0.045299, 0.066198
monkeys, 2, CC([, Other, 0.003914, 0.009464
monkeys, 2, )([], Other, 0.004393, 0.010774
monkeys, 2, )[(], Other, 0.002164, 0.006452
monkeys, 2, [])(, Other, 0.003634, 0.008310
monkeys, 2, OMOM, Tail, 0.013201, 0.025541
monkeys, 2, OOMM, Recursive, 0.027317, 0.049246
monkeys, 2, (CC[, Other, 0.015206, 0.030734
monkeys, 2, ][)(, Other, 0.002179, 0.006324
monkeys, 2, (])[, Other, 0.004479, 0.011138
monkeys, 2, [CC(, Other, 0.003938, 0.009449
monkeys, 2, [(]), Other, 0.027893, 0.035189
monkeys, 2, O)O], Other, 0.096550, 0.077841
monkeys, 2, O)]O, Other, 0.016463, 0.033622
monkeys, 2, C[(M, Other, 0.002190, 0.006448
monkeys, 2, (C[M, Other, 0.008421, 0.019623
monkeys, 2, )][(, Other, 0.002480, 0.006748
monkeys, 2, ([)], Other, 0.009153, 0.018655
monkeys, 2, [()], Recursive, 0.278615, 0.086129
monkeys, 2, O])O, Other, 0.003030, 0.007851
monkeys, 2, ()[], Tail, 0.012253, 0.024494
monkeys, 2, ]()[, Other, 0.004281, 0.011163
monkeys, 2, (][), Other, 0.004111, 0.010180
monkeys, 2, [)](, Other, 0.005243, 0.012732
monkeys, 2, ([CM, Crossing, 0.013017, 0.025816
monkeys, 2, ]OO), Other, 0.001876, 0.005732
monkeys, 2, )]OO, Other, 0.003597, 0.009553
monkeys, 2, C(C[, Other, 0.003441, 0.008539
kids, 3, C[C(, Other, 0.006267, 0.015755
kids, 3, OCOM, Other, 0.007161, 0.017474
kids, 3, )O]O, Other, 0.006197, 0.014994
kids, 3, ][(), Other, 0.013963, 0.026289
kids, 3, CC[(, Other, 0.008343, 0.019843
kids, 3, ])[(, Other, 0.015525, 0.029182
kids, 3, OCCO, Other, 0.007715, 0.018364
kids, 3, )]([, Other, 0.005724, 0.014383
kids, 3, [C(M, Other, 0.004918, 0.014475
kids, 3, ])OO, Other, 0.012197, 0.025926
kids, 3, ()][, Other, 0.019152, 0.031322
kids, 3, [)(], Other, 0.006073, 0.014598
kids, 3, )[](, Other, 0.005525, 0.014694
kids, 3, OO]), Crossing, 0.029343, 0.049854
kids, 3, ]([), Other, 0.005454, 0.013955
kids, 3, )OO], Other, 0.014136, 0.030870
kids, 3, C([M, Other, 0.015169, 0.031621
kids, 3, OMCO, Other, 0.012970, 0.025991
kids, 3, OOCM, Crossing, 0.025024, 0.047649
kids, 3, ([]), Recursive, 0.168936, 0.100406
kids, 3, ]O)O, Other, 0.005396, 0.014376
kids, 3, ])([, Other, 0.006061, 0.014045
kids, 3, COOC, Other, 0.012743, 0.029359
kids, 3, O]O), Other, 0.006765, 0.014856
kids, 3, )(][, Other, 0.008969, 0.020293
kids, 3, OO)], Crossing, 0.033677, 0.052206
kids, 3, COCO, Other, 0.005741, 0.014294
kids, 3, [](), Tail, 0.006400, 0.015505
kids, 3, CCOO, Other, 0.007406, 0.019338
kids, 3, [(CM, Crossing, 0.019973, 0.032329
kids, 3, CC([, Other, 0.005628, 0.015535
kids, 3, )([], Other, 0.045238, 0.055510
kids, 3, )[(], Other, 0.005768, 0.014587
kids, 3, [])(, Other, 0.004735, 0.012569
kids, 3, OMOM, Tail, 0.005688, 0.014705
kids, 3, OOMM, Recursive, 0.116423, 0.112786
kids, 3, (CC[, Other, 0.008548, 0.020801
kids, 3, ][)(, Other, 0.005372, 0.013414
kids, 3, (])[, Other, 0.007810, 0.017195
kids, 3, [CC(, Other, 0.005289, 0.013899
kids, 3, [(]), Other, 0.009793, 0.019419
kids, 3, O)O], Other, 0.007262, 0.015857
kids, 3, O)]O, Other, 0.010197, 0.023910
kids, 3, C[(M, Other, 0.009746, 0.022079
kids, 3, (C[M, Other, 0.007164, 0.016523
kids, 3, )][(, Other, 0.006455, 0.016586
kids, 3, ([)], Other, 0.019442, 0.031116
kids, 3, [()], Recursive, 0.120364, 0.083571
kids, 3, O])O, Other, 0.005035, 0.013165
kids, 3, ()[], Tail, 0.006390, 0.015065
kids, 3, ]()[, Other, 0.007002, 0.015143
kids, 3, (][), Other, 0.005193, 0.013551
kids, 3, [)](, Other, 0.005312, 0.013877
kids, 3, ([CM, Crossing, 0.044819, 0.061626
kids, 3, ]OO), Other, 0.009610, 0.020427
kids, 3, )]OO, Other, 0.005146, 0.015918
kids, 3, C(C[, Other, 0.007647, 0.017895
kids, 4, C[C(, Other, 0.005651, 0.012513
kids, 4, OCOM, Other, 0.007771, 0.018330
kids, 4, )O]O, Other, 0.004225, 0.011522
kids, 4, ][(), Other, 0.004365, 0.011598
kids, 4, CC[(, Other, 0.005171, 0.014598
kids, 4, ])[(, Other, 0.005493, 0.013676
kids, 4, OCCO, Other, 0.005024, 0.011957
kids, 4, )]([, Other, 0.004978, 0.012494
kids, 4, [C(M, Other, 0.010351, 0.022211
kids, 4, ])OO, Other, 0.005456, 0.013112
kids, 4, ()][, Other, 0.007325, 0.014869
kids, 4, [)(], Other, 0.005362, 0.013291
kids, 4, )[](, Other, 0.004831, 0.013182
kids, 4, OO]), Crossing, 0.104278, 0.123031
kids, 4, ]([), Other, 0.004858, 0.013423
kids, 4, )OO], Other, 0.004536, 0.011683
kids, 4, C([M, Other, 0.005099, 0.012651
kids, 4, OMCO, Other, 0.006840, 0.013777
kids, 4, OOCM, Crossing, 0.054158, 0.082441
kids, 4, ([]), Recursive, 0.100487, 0.075866
kids, 4, ]O)O, Other, 0.004764, 0.011547
kids, 4, ])([, Other, 0.005787, 0.014506
kids, 4, COOC, Other, 0.004058, 0.010476
kids, 4, O]O), Other, 0.009210, 0.019063
kids, 4, )(][, Other, 0.006376, 0.015475
kids, 4, OO)], Crossing, 0.028052, 0.046549
kids, 4, COCO, Other, 0.004744, 0.012360
kids, 4, [](), Tail, 0.013754, 0.025740
kids, 4, CCOO, Other, 0.003774, 0.009822
kids, 4, [(CM, Crossing, 0.076298, 0.105636
kids, 4, CC([, Other, 0.006062, 0.014742
kids, 4, )([], Other, 0.007056, 0.016513
kids, 4, )[(], Other, 0.004295, 0.010512
kids, 4, [])(, Other, 0.003260, 0.010170
kids, 4, OMOM, Tail, 0.006380, 0.016154
kids, 4, OOMM, Recursive, 0.083162, 0.096808
kids, 4, (CC[, Other, 0.005153, 0.012530
kids, 4, ][)(, Other, 0.006255, 0.014002
kids, 4, (])[, Other, 0.006003, 0.014294
kids, 4, [CC(, Other, 0.005771, 0.014353
kids, 4, [(]), Other, 0.107357, 0.103362
kids, 4, O)O], Other, 0.006151, 0.013685
kids, 4, O)]O, Other, 0.004424, 0.012490
kids, 4, C[(M, Other, 0.003880, 0.011357
kids, 4, (C[M, Other, 0.005030, 0.012232
kids, 4, )][(, Other, 0.003910, 0.010362
kids, 4, ([)], Other, 0.010770, 0.023405
kids, 4, [()], Recursive, 0.140202, 0.092081
kids, 4, O])O, Other, 0.004379, 0.011359
kids, 4, ()[], Tail, 0.006795, 0.015264
kids, 4, ]()[, Other, 0.006366, 0.014351
kids, 4, (][), Other, 0.005119, 0.012601
kids, 4, [)](, Other, 0.004306, 0.011689
kids, 4, ([CM, Crossing, 0.030192, 0.045468
kids, 4, ]OO), Other, 0.004437, 0.011402
kids, 4, )]OO, Other, 0.003559, 0.011798
kids, 4, C(C[, Other, 0.006646, 0.016125
kids, 5, C[C(, Other, 0.005281, 0.012603
kids, 5, OCOM, Other, 0.005624, 0.013511
kids, 5, )O]O, Other, 0.005465, 0.012603
kids, 5, ][(), Other, 0.004607, 0.012183
kids, 5, CC[(, Other, 0.004582, 0.012470
kids, 5, ])[(, Other, 0.004480, 0.011867
kids, 5, OCCO, Other, 0.004782, 0.012584
kids, 5, )]([, Other, 0.004864, 0.011685
kids, 5, [C(M, Other, 0.005334, 0.013372
kids, 5, ])OO, Other, 0.004419, 0.011933
kids, 5, ()][, Other, 0.007597, 0.015218
kids, 5, [)(], Other, 0.005023, 0.011905
kids, 5, )[](, Other, 0.004724, 0.011925
kids, 5, OO]), Crossing, 0.024044, 0.036069
kids, 5, ]([), Other, 0.005230, 0.012008
kids, 5, )OO], Other, 0.004778, 0.012835
kids, 5, C([M, Other, 0.005096, 0.012551
kids, 5, OMCO, Other, 0.005970, 0.014065
kids, 5, OOCM, Crossing, 0.039244, 0.066158
kids, 5, ([]), Recursive, 0.049546, 0.048080
kids, 5, ]O)O, Other, 0.005473, 0.012275
kids, 5, ])([, Other, 0.005536, 0.012804
kids, 5, COOC, Other, 0.004285, 0.012401
kids, 5, O]O), Other, 0.006838, 0.015681
kids, 5, )(][, Other, 0.006838, 0.014863
kids, 5, OO)], Crossing, 0.189966, 0.172164
kids, 5, COCO, Other, 0.005157, 0.011536
kids, 5, [](), Tail, 0.005957, 0.014412
kids, 5, CCOO, Other, 0.004823, 0.012543
kids, 5, [(CM, Crossing, 0.035477, 0.052202
kids, 5, CC([, Other, 0.004945, 0.013234
kids, 5, )([], Other, 0.005536, 0.012490
kids, 5, )[(], Other, 0.003680, 0.011580
kids, 5, [])(, Other, 0.004192, 0.011260
kids, 5, OMOM, Tail, 0.005746, 0.014465
kids, 5, OOMM, Recursive, 0.066252, 0.078940
kids, 5, (CC[, Other, 0.004237, 0.010199
kids, 5, ][)(, Other, 0.004986, 0.012533
kids, 5, (])[, Other, 0.006521, 0.015204
kids, 5, [CC(, Other, 0.004424, 0.010487
kids, 5, [(]), Other, 0.012341, 0.023042
kids, 5, O)O], Other, 0.006030, 0.013841
kids, 5, O)]O, Other, 0.004722, 0.011761
kids, 5, C[(M, Other, 0.005249, 0.013961
kids, 5, (C[M, Other, 0.005272, 0.012522
kids, 5, )][(, Other, 0.003723, 0.010690
kids, 5, ([)], Other, 0.088263, 0.093347
kids, 5, [()], Recursive, 0.205908, 0.123965
kids, 5, O])O, Other, 0.004193, 0.010475
kids, 5, ()[], Tail, 0.006590, 0.015040
kids, 5, ]()[, Other, 0.005694, 0.014318
kids, 5, (][), Other, 0.004690, 0.011996
kids, 5, [)](, Other, 0.004914, 0.012552
kids, 5, ([CM, Crossing, 0.048178, 0.071333
kids, 5, ]OO), Other, 0.003615, 0.010626
kids, 5, )]OO, Other, 0.004385, 0.013349
kids, 5, C(C[, Other, 0.004670, 0.011454
kids, 6, C[C(, Other, 0.005752, 0.014959
kids, 6, OCOM, Other, 0.008563, 0.017568
kids, 6, )O]O, Other, 0.005357, 0.012771
kids, 6, ][(), Other, 0.004657, 0.012060
kids, 6, CC[(, Other, 0.004299, 0.012109
kids, 6, ])[(, Other, 0.005674, 0.013232
kids, 6, OCCO, Other, 0.006495, 0.017018
kids, 6, )]([, Other, 0.005740, 0.013574
kids, 6, [C(M, Other, 0.005346, 0.012451
kids, 6, ])OO, Other, 0.004911, 0.013407
kids, 6, ()][, Other, 0.008436, 0.016119
kids, 6, [)(], Other, 0.005850, 0.013512
kids, 6, )[](, Other, 0.005325, 0.013445
kids, 6, OO]), Crossing, 0.076714, 0.088988
kids, 6, ]([), Other, 0.005308, 0.013378
kids, 6, )OO], Other, 0.005025, 0.012945
kids, 6, C([M, Other, 0.005694, 0.015546
kids, 6, OMCO, Other, 0.006649, 0.013914
kids, 6, OOCM, Crossing, 0.080653, 0.124379
kids, 6, ([]), Recursive, 0.095011, 0.082673
kids, 6, ]O)O, Other, 0.005386, 0.013562
kids, 6, ])([, Other, 0.005385, 0.012984
kids, 6, COOC, Other, 0.004746, 0.012407
kids, 6, O]O), Other, 0.010717, 0.021740
kids, 6, )(][, Other, 0.005970, 0.014382
kids, 6, OO)], Crossing, 0.058013, 0.077608
kids, 6, COCO, Other, 0.004775, 0.013217
kids, 6, [](), Tail, 0.007303, 0.015460
kids, 6, CCOO, Other, 0.004956, 0.013310
kids, 6, [(CM, Crossing, 0.060993, 0.080204
kids, 6, CC([, Other, 0.006102, 0.013812
kids, 6, )([], Other, 0.008291, 0.020548
kids, 6, )[(], Other, 0.003922, 0.010899
kids, 6, [])(, Other, 0.004704, 0.012461
kids, 6, OMOM, Tail, 0.004629, 0.011794
kids, 6, OOMM, Recursive, 0.080464, 0.089831
kids, 6, (CC[, Other, 0.009508, 0.021482
kids, 6, ][)(, Other, 0.005608, 0.014389
kids, 6, (])[, Other, 0.013618, 0.024912
kids, 6, [CC(, Other, 0.005496, 0.013673
kids, 6, [(]), Other, 0.046170, 0.058922
kids, 6, O)O], Other, 0.005892, 0.014994
kids, 6, O)]O, Other, 0.005802, 0.016292
kids, 6, C[(M, Other, 0.003789, 0.010719
kids, 6, (C[M, Other, 0.010052, 0.021101
kids, 6, )][(, Other, 0.005406, 0.014334
kids, 6, ([)], Other, 0.046885, 0.061216
kids, 6, [()], Recursive, 0.091658, 0.069446
kids, 6, O])O, Other, 0.008843, 0.019512
kids, 6, ()[], Tail, 0.006410, 0.015554
kids, 6, ]()[, Other, 0.005635, 0.012760
kids, 6, (][), Other, 0.011232, 0.023146
kids, 6, [)](, Other, 0.004965, 0.012186
kids, 6, ([CM, Crossing, 0.071155, 0.084421
kids, 6, ]OO), Other, 0.004170, 0.011880
kids, 6, )]OO, Other, 0.004342, 0.012098
kids, 6, C(C[, Other, 0.005550, 0.011886
kids, 7, C[C(, Other, 0.005335, 0.013340
kids, 7, OCOM, Other, 0.006144, 0.013054
kids, 7, )O]O, Other, 0.005129, 0.013245
kids, 7, ][(), Other, 0.004184, 0.010182
kids, 7, CC[(, Other, 0.004552, 0.011713
kids, 7, ])[(, Other, 0.004606, 0.011596
kids, 7, OCCO, Other, 0.004733, 0.011981
kids, 7, )]([, Other, 0.003695, 0.011545
kids, 7, [C(M, Other, 0.005135, 0.013415
kids, 7, ])OO, Other, 0.004721, 0.011678
kids, 7, ()][, Other, 0.006924, 0.015397
kids, 7, [)(], Other, 0.005633, 0.013095
kids, 7, )[](, Other, 0.004237, 0.010906
kids, 7, OO]), Crossing, 0.014552, 0.022966
kids, 7, ]([), Other, 0.004861, 0.012508
kids, 7, )OO], Other, 0.005731, 0.012752
kids, 7, C([M, Other, 0.006320, 0.015896
kids, 7, OMCO, Other, 0.005891, 0.014272
kids, 7, OOCM, Crossing, 0.015714, 0.029106
kids, 7, ([]), Recursive, 0.042343, 0.040226
kids, 7, ]O)O, Other, 0.004830, 0.011578
kids, 7, ])([, Other, 0.005145, 0.012690
kids, 7, COOC, Other, 0.004332, 0.010873
kids, 7, O]O), Other, 0.005007, 0.012354
kids, 7, )(][, Other, 0.004958, 0.012293
kids, 7, OO)], Crossing, 0.019949, 0.035643
kids, 7, COCO, Other, 0.005584, 0.013360
kids, 7, [](), Tail, 0.006449, 0.015185
kids, 7, CCOO, Other, 0.006744, 0.013570
kids, 7, [(CM, Crossing, 0.019960, 0.039604
kids, 7, CC([, Other, 0.005959, 0.013405
kids, 7, )([], Other, 0.006409, 0.014459
kids, 7, )[(], Other, 0.004424, 0.011844
kids, 7, [])(, Other, 0.004281, 0.011090
kids, 7, OMOM, Tail, 0.005792, 0.013418
kids, 7, OOMM, Recursive, 0.060017, 0.076610
kids, 7, (CC[, Other, 0.004442, 0.012637
kids, 7, ][)(, Other, 0.004522, 0.011925
kids, 7, (])[, Other, 0.005765, 0.013755
kids, 7, [CC(, Other, 0.004009, 0.011751
kids, 7, [(]), Other, 0.007065, 0.015631
kids, 7, O)O], Other, 0.006447, 0.014792
kids, 7, O)]O, Other, 0.005020, 0.012687
kids, 7, C[(M, Other, 0.004280, 0.011891
kids, 7, (C[M, Other, 0.004953, 0.011797
kids, 7, )][(, Other, 0.005206, 0.014698
kids, 7, ([)], Other, 0.007994, 0.015636
kids, 7, [()], Recursive, 0.552748, 0.114730
kids, 7, O])O, Other, 0.004884, 0.012894
kids, 7, ()[], Tail, 0.005751, 0.012694
kids, 7, ]()[, Other, 0.005882, 0.014022
kids, 7, (][), Other, 0.006889, 0.016279
kids, 7, [)](, Other, 0.005010, 0.012140
kids, 7, ([CM, Crossing, 0.015340, 0.024589
kids, 7, ]OO), Other, 0.004032, 0.009983
kids, 7, )]OO, Other, 0.003493, 0.009556
kids, 7, C(C[, Other, 0.005988, 0.013890
kids, 8, C[C(, Other, 0.018105, 0.039253
kids, 8, OCOM, Other, 0.013965, 0.029224
kids, 8, )O]O, Other, 0.014361, 0.031761
kids, 8, ][(), Other, 0.005383, 0.014898
kids, 8, CC[(, Other, 0.005345, 0.014033
kids, 8, ])[(, Other, 0.005634, 0.013404
kids, 8, OCCO, Other, 0.018291, 0.039885
kids, 8, )]([, Other, 0.005908, 0.015043
kids, 8, [C(M, Other, 0.012565, 0.026674
kids, 8, ])OO, Other, 0.005488, 0.014730
kids, 8, ()][, Other, 0.035995, 0.049633
kids, 8, [)(], Other, 0.042692, 0.050760
kids, 8, )[](, Other, 0.005308, 0.014060
kids, 8, OO]), Crossing, 0.018686, 0.030647
kids, 8, ]([), Other, 0.014894, 0.028359
kids, 8, )OO], Other, 0.010299, 0.022654
kids, 8, C([M, Other, 0.019595, 0.034716
kids, 8, OMCO, Other, 0.014672, 0.028709
kids, 8, OOCM, Crossing, 0.019397, 0.034287
kids, 8, ([]), Recursive, 0.066789, 0.059651
kids, 8, ]O)O, Other, 0.044179, 0.062531
kids, 8, ])([, Other, 0.006596, 0.015705
kids, 8, COOC, Other, 0.008975, 0.022262
kids, 8, O]O), Other, 0.010935, 0.022835
kids, 8, )(][, Other, 0.033425, 0.045080
kids, 8, OO)], Crossing, 0.027018, 0.041692
kids, 8, COCO, Other, 0.030438, 0.058213
kids, 8, [](), Tail, 0.006951, 0.016674
kids, 8, CCOO, Other, 0.006213, 0.014455
kids, 8, [(CM, Crossing, 0.010576, 0.020256
kids, 8, CC([, Other, 0.005698, 0.013888
kids, 8, )([], Other, 0.015399, 0.027789
kids, 8, )[(], Other, 0.004862, 0.013221
kids, 8, [])(, Other, 0.005164, 0.012792
kids, 8, OMOM, Tail, 0.005235, 0.013691
kids, 8, OOMM, Recursive, 0.035163, 0.044088
kids, 8, (CC[, Other, 0.026207, 0.045278
kids, 8, ][)(, Other, 0.044774, 0.056766
kids, 8, (])[, Other, 0.016124, 0.027331
kids, 8, [CC(, Other, 0.008257, 0.019395
kids, 8, [(]), Other, 0.008207, 0.019359
kids, 8, O)O], Other, 0.017811, 0.035734
kids, 8, O)]O, Other, 0.026181, 0.048032
kids, 8, C[(M, Other, 0.005140, 0.014033
kids, 8, (C[M, Other, 0.010562, 0.022645
kids, 8, )][(, Other, 0.004895, 0.012766
kids, 8, ([)], Other, 0.030411, 0.042942
kids, 8, [()], Recursive, 0.041583, 0.041125
kids, 8, O])O, Other, 0.007595, 0.018604
kids, 8, ()[], Tail, 0.008315, 0.017835
kids, 8, ]()[, Other, 0.015301, 0.027627
kids, 8, (][), Other, 0.013711, 0.026398
kids, 8, [)](, Other, 0.011510, 0.023677
kids, 8, ([CM, Crossing, 0.050225, 0.064976
kids, 8, ]OO), Other, 0.008277, 0.020097
kids, 8, )]OO, Other, 0.005510, 0.016080
kids, 8, C(C[, Other, 0.029206, 0.048188
kids, 9, C[C(, Other, 0.004850, 0.011264
kids, 9, OCOM, Other, 0.006654, 0.014367
kids, 9, )O]O, Other, 0.004684, 0.011917
kids, 9, ][(), Other, 0.004786, 0.012854
kids, 9, CC[(, Other, 0.004919, 0.012314
kids, 9, ])[(, Other, 0.004502, 0.012077
kids, 9, OCCO, Other, 0.005297, 0.012946
kids, 9, )]([, Other, 0.004145, 0.010959
kids, 9, [C(M, Other, 0.005345, 0.013168
kids, 9, ])OO, Other, 0.003335, 0.010029
kids, 9, ()][, Other, 0.008023, 0.016236
kids, 9, [)(], Other, 0.005957, 0.013137
kids, 9, )[](, Other, 0.004499, 0.012522
kids, 9, OO]), Crossing, 0.042589, 0.058985
kids, 9, ]([), Other, 0.005502, 0.011956
kids, 9, )OO], Other, 0.006321, 0.015583
kids, 9, C([M, Other, 0.004504, 0.011000
kids, 9, OMCO, Other, 0.006356, 0.014290
kids, 9, OOCM, Crossing, 0.042007, 0.073834
kids, 9, ([]), Recursive, 0.200662, 0.119210
kids, 9, ]O)O, Other, 0.004966, 0.012297
kids, 9, ])([, Other, 0.005664, 0.013421
kids, 9, COOC, Other, 0.005013, 0.013298
kids, 9, O]O), Other, 0.005006, 0.012662
kids, 9, )(][, Other, 0.006496, 0.014594
kids, 9, OO)], Crossing, 0.043721, 0.069948
kids, 9, COCO, Other, 0.004889, 0.013969
kids, 9, [](), Tail, 0.005613, 0.012971
kids, 9, CCOO, Other, 0.005488, 0.013382
kids, 9, [(CM, Crossing, 0.020606, 0.034937
kids, 9, CC([, Other, 0.005490, 0.013475
kids, 9, )([], Other, 0.006334, 0.015346
kids, 9, )[(], Other, 0.004712, 0.012092
kids, 9, [])(, Other, 0.004609, 0.012410
kids, 9, OMOM, Tail, 0.004972, 0.012988
kids, 9, OOMM, Recursive, 0.065554, 0.078183
kids, 9, (CC[, Other, 0.004725, 0.011976
kids, 9, ][)(, Other, 0.004102, 0.010732
kids, 9, (])[, Other, 0.005529, 0.013651
kids, 9, [CC(, Other, 0.003952, 0.011178
kids, 9, [(]), Other, 0.011669, 0.023260
kids, 9, O)O], Other, 0.006186, 0.013930
kids, 9, O)]O, Other, 0.004939, 0.012515
kids, 9, C[(M, Other, 0.004754, 0.012903
kids, 9, (C[M, Other, 0.005535, 0.013360
kids, 9, )][(, Other, 0.006235, 0.014607
kids, 9, ([)], Other, 0.060154, 0.081205
kids, 9, [()], Recursive, 0.062294, 0.051955
kids, 9, O])O, Other, 0.005741, 0.015246
kids, 9, ()[], Tail, 0.006255, 0.015096
kids, 9, ]()[, Other, 0.005381, 0.013222
kids, 9, (][), Other, 0.004981, 0.013448
kids, 9, [)](, Other, 0.005184, 0.015562
kids, 9, ([CM, Crossing, 0.204082, 0.165589
kids, 9, ]OO), Other, 0.005061, 0.012269
kids, 9, )]OO, Other, 0.003608, 0.010275
kids, 9, C(C[, Other, 0.005562, 0.013094
kids, 10, C[C(, Other, 0.004806, 0.011847
kids, 10, OCOM, Other, 0.005511, 0.013671
kids, 10, )O]O, Other, 0.004934, 0.012410
kids, 10, ][(), Other, 0.004333, 0.012200
kids, 10, CC[(, Other, 0.004717, 0.012601
kids, 10, ])[(, Other, 0.004222, 0.011238
kids, 10, OCCO, Other, 0.004895, 0.012386
kids, 10, )]([, Other, 0.004293, 0.010480
kids, 10, [C(M, Other, 0.005943, 0.015196
kids, 10, ])OO, Other, 0.004360, 0.010482
kids, 10, ()][, Other, 0.007812, 0.014888
kids, 10, [)(], Other, 0.005046, 0.012904
kids, 10, )[](, Other, 0.005105, 0.013214
kids, 10, OO]), Crossing, 0.024652, 0.040563
kids, 10, ]([), Other, 0.004074, 0.010637
kids, 10, )OO], Other, 0.005003, 0.013558
kids, 10, C([M, Other, 0.004728, 0.011786
kids, 10, OMCO, Other, 0.005363, 0.012998
kids, 10, OOCM, Crossing, 0.020617, 0.039506
kids, 10, ([]), Recursive, 0.361267, 0.136891
kids, 10, ]O)O, Other, 0.003915, 0.010639
kids, 10, ])([, Other, 0.005397, 0.013404
kids, 10, COOC, Other, 0.004331, 0.012207
kids, 10, O]O), Other, 0.005866, 0.012659
kids, 10, )(][, Other, 0.005906, 0.013866
kids, 10, OO)], Crossing, 0.026053, 0.041362
kids, 10, COCO, Other, 0.005629, 0.014470
kids, 10, [](), Tail, 0.005538, 0.012680
kids, 10, CCOO, Other, 0.005688, 0.013926
kids, 10, [(CM, Crossing, 0.012517, 0.022992
kids, 10, CC([, Other, 0.005731, 0.013969
kids, 10, )([], Other, 0.004927, 0.012224
kids, 10, )[(], Other, 0.004178, 0.010102
kids, 10, [])(, Other, 0.004838, 0.013018
kids, 10, OMOM, Tail, 0.004751, 0.011781
kids, 10, OOMM, Recursive, 0.135009, 0.150063
kids, 10, (CC[, Other, 0.005399, 0.013222
kids, 10, ][)(, Other, 0.005741, 0.013748
kids, 10, (])[, Other, 0.006204, 0.014339
kids, 10, [CC(, Other, 0.005179, 0.013532
kids, 10, [(]), Other, 0.007689, 0.015282
kids, 10, O)O], Other, 0.005046, 0.012260
kids, 10, O)]O, Other, 0.004794, 0.011238
kids, 10, C[(M, Other, 0.004491, 0.010648
kids, 10, (C[M, Other, 0.005007, 0.015256
kids, 10, )][(, Other, 0.004436, 0.013113
kids, 10, ([)], Other, 0.014286, 0.024267
kids, 10, [()], Recursive, 0.116454, 0.083430
kids, 10, O])O, Other, 0.003873, 0.010921
kids, 10, ()[], Tail, 0.005682, 0.013533
kids, 10, ]()[, Other, 0.005382, 0.013055
kids, 10, (][), Other, 0.005299, 0.013061
kids, 10, [)](, Other, 0.004934, 0.012080
kids, 10, ([CM, Crossing, 0.043977, 0.063625
kids, 10, ]OO), Other, 0.004036, 0.010461
kids, 10, )]OO, Other, 0.003717, 0.010712
kids, 10, C(C[, Other, 0.006415, 0.012993
kids, 11, C[C(, Other, 0.009420, 0.021719
kids, 11, OCOM, Other, 0.022031, 0.047226
kids, 11, )O]O, Other, 0.022807, 0.038833
kids, 11, ][(), Other, 0.003897, 0.011559
kids, 11, CC[(, Other, 0.005170, 0.013873
kids, 11, ])[(, Other, 0.005972, 0.014670
kids, 11, OCCO, Other, 0.008159, 0.018944
kids, 11, )]([, Other, 0.014635, 0.027514
kids, 11, [C(M, Other, 0.035861, 0.056357
kids, 11, ])OO, Other, 0.013524, 0.029972
kids, 11, ()][, Other, 0.008651, 0.017566
kids, 11, [)(], Other, 0.051682, 0.062065
kids, 11, )[](, Other, 0.013668, 0.026889
kids, 11, OO]), Crossing, 0.044932, 0.061236
kids, 11, ]([), Other, 0.015468, 0.030596
kids, 11, )OO], Other, 0.005360, 0.012761
kids, 11, C([M, Other, 0.011078, 0.023970
kids, 11, OMCO, Other, 0.007176, 0.015086
kids, 11, OOCM, Crossing, 0.023215, 0.040520
kids, 11, ([]), Recursive, 0.064195, 0.057502
kids, 11, ]O)O, Other, 0.008134, 0.017013
kids, 11, ])([, Other, 0.035161, 0.046024
kids, 11, COOC, Other, 0.007824, 0.018984
kids, 11, O]O), Other, 0.010734, 0.024964
kids, 11, )(][, Other, 0.013244, 0.025957
kids, 11, OO)], Crossing, 0.013486, 0.022841
kids, 11, COCO, Other, 0.011126, 0.024587
kids, 11, [](), Tail, 0.012114, 0.025710
kids, 11, CCOO, Other, 0.013669, 0.032651
kids, 11, [(CM, Crossing, 0.037107, 0.052709
kids, 11, CC([, Other, 0.033109, 0.050892
kids, 11, )([], Other, 0.007923, 0.018539
kids, 11, )[(], Other, 0.005523, 0.013676
kids, 11, [])(, Other, 0.005360, 0.015365
kids, 11, OMOM, Tail, 0.021639, 0.043467
kids, 11, OOMM, Recursive, 0.041701, 0.050808
kids, 11, (CC[, Other, 0.008066, 0.022195
kids, 11, ][)(, Other, 0.005506, 0.014347
kids, 11, (])[, Other, 0.019302, 0.031843
kids, 11, [CC(, Other, 0.005431, 0.014723
kids, 11, [(]), Other, 0.027516, 0.042667
kids, 11, O)O], Other, 0.066130, 0.081005
kids, 11, O)]O, Other, 0.005202, 0.013660
kids, 11, C[(M, Other, 0.005562, 0.014537
kids, 11, (C[M, Other, 0.011646, 0.026191
kids, 11, )][(, Other, 0.005932, 0.015286
kids, 11, ([)], Other, 0.008929, 0.017266
kids, 11, [()], Recursive, 0.057337, 0.050200
kids, 11, O])O, Other, 0.009306, 0.023564
kids, 11, ()[], Tail, 0.029782, 0.043280
kids, 11, ]()[, Other, 0.006886, 0.017320
kids, 11, (][), Other, 0.005578, 0.013744
kids, 11, [)](, Other, 0.006154, 0.014658
kids, 11, ([CM, Crossing, 0.024186, 0.037839
kids, 11, ]OO), Other, 0.008966, 0.021013
kids, 11, )]OO, Other, 0.006125, 0.017985
kids, 11, C(C[, Other, 0.011703, 0.023951
kids, 12, C[C(, Other, 0.005352, 0.013067
kids, 12, OCOM, Other, 0.012300, 0.027070
kids, 12, )O]O, Other, 0.005508, 0.012877
kids, 12, ][(), Other, 0.002956, 0.010108
kids, 12, CC[(, Other, 0.003878, 0.011029
kids, 12, ])[(, Other, 0.005429, 0.013133
kids, 12, OCCO, Other, 0.006156, 0.015748
kids, 12, )]([, Other, 0.004967, 0.013020
kids, 12, [C(M, Other, 0.006426, 0.015263
kids, 12, ])OO, Other, 0.005169, 0.012923
kids, 12, ()][, Other, 0.007674, 0.016161
kids, 12, [)(], Other, 0.006121, 0.013572
kids, 12, )[](, Other, 0.004536, 0.012031
kids, 12, OO]), Crossing, 0.024269, 0.042681
kids, 12, ]([), Other, 0.005216, 0.013052
kids, 12, )OO], Other, 0.005567, 0.013298
kids, 12, C([M, Other, 0.005627, 0.014060
kids, 12, OMCO, Other, 0.006073, 0.013983
kids, 12, OOCM, Crossing, 0.016487, 0.032036
kids, 12, ([]), Recursive, 0.298223, 0.128455
kids, 12, ]O)O, Other, 0.004677, 0.011475
kids, 12, ])([, Other, 0.006414, 0.016124
kids, 12, COOC, Other, 0.004719, 0.011940
kids, 12, O]O), Other, 0.009433, 0.020447
kids, 12, )(][, Other, 0.007079, 0.015337
kids, 12, OO)], Crossing, 0.017051, 0.032035
kids, 12, COCO, Other, 0.005395, 0.013202
kids, 12, [](), Tail, 0.006609, 0.014528
kids, 12, CCOO, Other, 0.004887, 0.012618
kids, 12, [(CM, Crossing, 0.019851, 0.033234
kids, 12, CC([, Other, 0.005828, 0.012417
kids, 12, )([], Other, 0.007460, 0.016719
kids, 12, )[(], Other, 0.005092, 0.013809
kids, 12, [])(, Other, 0.004102, 0.011527
kids, 12, OMOM, Tail, 0.011448, 0.025998
kids, 12, OOMM, Recursive, 0.141044, 0.148317
kids, 12, (CC[, Other, 0.004568, 0.012772
kids, 12, ][)(, Other, 0.004868, 0.012429
kids, 12, (])[, Other, 0.005592, 0.013312
kids, 12, [CC(, Other, 0.004638, 0.012059
kids, 12, [(]), Other, 0.008191, 0.016275
kids, 12, O)O], Other, 0.012658, 0.028703
kids, 12, O)]O, Other, 0.005030, 0.013265
kids, 12, C[(M, Other, 0.004723, 0.012477
kids, 12, (C[M, Other, 0.027287, 0.042963
kids, 12, )][(, Other, 0.004325, 0.010096
kids, 12, ([)], Other, 0.008434, 0.017823
kids, 12, [()], Recursive, 0.120481, 0.083690
kids, 12, O])O, Other, 0.004469, 0.011543
kids, 12, ()[], Tail, 0.023199, 0.035371
kids, 12, ]()[, Other, 0.005462, 0.012989
kids, 12, (][), Other, 0.011594, 0.024077
kids, 12, [)](, Other, 0.004534, 0.011153
kids, 12, ([CM, Crossing, 0.025626, 0.041239
kids, 12, ]OO), Other, 0.004530, 0.012780
kids, 12, )]OO, Other, 0.003950, 0.010974
kids, 12, C(C[, Other, 0.006819, 0.014995
kids, 13, C[C(, Other, 0.005139, 0.012084
kids, 13, OCOM, Other, 0.007277, 0.018364
kids, 13, )O]O, Other, 0.005556, 0.014271
kids, 13, ][(), Other, 0.004139, 0.011368
kids, 13, CC[(, Other, 0.005475, 0.014251
kids, 13, ])[(, Other, 0.004200, 0.010565
kids, 13, OCCO, Other, 0.004063, 0.011577
kids, 13, )]([, Other, 0.004871, 0.011804
kids, 13, [C(M, Other, 0.012062, 0.026636
kids, 13, ])OO, Other, 0.003093, 0.009446
kids, 13, ()][, Other, 0.007907, 0.016193
kids, 13, [)(], Other, 0.005485, 0.014475
kids, 13, )[](, Other, 0.004218, 0.010482
kids, 13, OO]), Crossing, 0.011632, 0.019906
kids, 13, ]([), Other, 0.005174, 0.013098
kids, 13, )OO], Other, 0.005729, 0.013948
kids, 13, C([M, Other, 0.004051, 0.010704
kids, 13, OMCO, Other, 0.004860, 0.010974
kids, 13, OOCM, Crossing, 0.010067, 0.018912
kids, 13, ([]), Recursive, 0.031771, 0.034483
kids, 13, ]O)O, Other, 0.004526, 0.011639
kids, 13, ])([, Other, 0.004901, 0.012040
kids, 13, COOC, Other, 0.004820, 0.012197
kids, 13, O]O), Other, 0.010257, 0.026146
kids, 13, )(][, Other, 0.005547, 0.013556
kids, 13, OO)], Crossing, 0.011952, 0.022074
kids, 13, COCO, Other, 0.005402, 0.013272
kids, 13, [](), Tail, 0.574770, 0.096610
kids, 13, CCOO, Other, 0.004215, 0.010757
kids, 13, [(CM, Crossing, 0.011237, 0.020199
kids, 13, CC([, Other, 0.005904, 0.014327
kids, 13, )([], Other, 0.006619, 0.014433
kids, 13, )[(], Other, 0.004525, 0.011245
kids, 13, [])(, Other, 0.004686, 0.012329
kids, 13, OMOM, Tail, 0.010621, 0.025863
kids, 13, OOMM, Recursive, 0.024079, 0.031719
kids, 13, (CC[, Other, 0.004879, 0.011350
kids, 13, ][)(, Other, 0.005675, 0.013936
kids, 13, (])[, Other, 0.005355, 0.013780
kids, 13, [CC(, Other, 0.003939, 0.011309
kids, 13, [(]), Other, 0.007580, 0.016113
kids, 13, O)O], Other, 0.006031, 0.013468
kids, 13, O)]O, Other, 0.004345, 0.011056
kids, 13, C[(M, Other, 0.004687, 0.012103
kids, 13, (C[M, Other, 0.004431, 0.012147
kids, 13, )][(, Other, 0.004164, 0.010889
kids, 13, ([)], Other, 0.007131, 0.016131
kids, 13, [()], Recursive, 0.051420, 0.044708
kids, 13, O])O, Other, 0.003945, 0.010238
kids, 13, ()[], Tail, 0.005262, 0.013173
kids, 13, ]()[, Other, 0.005712, 0.013694
kids, 13, (][), Other, 0.004737, 0.011395
kids, 13, [)](, Other, 0.005206, 0.012901
kids, 13, ([CM, Crossing, 0.011685, 0.020739
kids, 13, ]OO), Other, 0.004383, 0.011874
kids, 13, )]OO, Other, 0.003419, 0.009780
kids, 13, C(C[, Other, 0.005181, 0.011706
kids, 14, C[C(, Other, 0.005925, 0.014626
kids, 14, OCOM, Other, 0.018532, 0.039684
kids, 14, )O]O, Other, 0.005521, 0.013468
kids, 14, ][(), Other, 0.003925, 0.012714
kids, 14, CC[(, Other, 0.004824, 0.012773
kids, 14, ])[(, Other, 0.005897, 0.015651
kids, 14, OCCO, Other, 0.030345, 0.059158
kids, 14, )]([, Other, 0.006106, 0.014888
kids, 14, [C(M, Other, 0.009429, 0.022570
kids, 14, ])OO, Other, 0.010891, 0.021705
kids, 14, ()][, Other, 0.014334, 0.026236
kids, 14, [)(], Other, 0.015307, 0.027745
kids, 14, )[](, Other, 0.005136, 0.013325
kids, 14, OO]), Crossing, 0.036302, 0.046670
kids, 14, ]([), Other, 0.014100, 0.026022
kids, 14, )OO], Other, 0.004225, 0.012629
kids, 14, C([M, Other, 0.010156, 0.021617
kids, 14, OMCO, Other, 0.009759, 0.021498
kids, 14, OOCM, Crossing, 0.026949, 0.046100
kids, 14, ([]), Recursive, 0.043373, 0.043096
kids, 14, ]O)O, Other, 0.015926, 0.031336
kids, 14, ])([, Other, 0.014942, 0.026569
kids, 14, COOC, Other, 0.005813, 0.015570
kids, 14, O]O), Other, 0.022895, 0.043880
kids, 14, )(][, Other, 0.005694, 0.014005
kids, 14, OO)], Crossing, 0.020880, 0.033069
kids, 14, COCO, Other, 0.010188, 0.022963
kids, 14, [](), Tail, 0.006938, 0.015023
kids, 14, CCOO, Other, 0.006048, 0.015438
kids, 14, [(CM, Crossing, 0.029700, 0.047905
kids, 14, CC([, Other, 0.009523, 0.020791
kids, 14, )([], Other, 0.005104, 0.013603
kids, 14, )[(], Other, 0.005160, 0.013965
kids, 14, [])(, Other, 0.004915, 0.013719
kids, 14, OMOM, Tail, 0.006077, 0.015363
kids, 14, OOMM, Recursive, 0.037631, 0.045220
kids, 14, (CC[, Other, 0.037576, 0.057197
kids, 14, ][)(, Other, 0.004974, 0.013134
kids, 14, (])[, Other, 0.056039, 0.061304
kids, 14, [CC(, Other, 0.017637, 0.036710
kids, 14, [(]), Other, 0.026724, 0.042619
kids, 14, O)O], Other, 0.011745, 0.024373
kids, 14, O)]O, Other, 0.030915, 0.054357
kids, 14, C[(M, Other, 0.006130, 0.015051
kids, 14, (C[M, Other, 0.022368, 0.042775
kids, 14, )][(, Other, 0.005833, 0.014197
kids, 14, ([)], Other, 0.017452, 0.029844
kids, 14, [()], Recursive, 0.055047, 0.049453
kids, 14, O])O, Other, 0.013585, 0.032955
kids, 14, ()[], Tail, 0.005433, 0.013178
kids, 14, ]()[, Other, 0.031494, 0.042799
kids, 14, (][), Other, 0.053677, 0.060439
kids, 14, [)](, Other, 0.057315, 0.061818
kids, 14, ([CM, Crossing, 0.023809, 0.039161
kids, 14, ]OO), Other, 0.009617, 0.021075
kids, 14, )]OO, Other, 0.003903, 0.010981
kids, 14, C(C[, Other, 0.020256, 0.037775
kids, 15, C[C(, Other, 0.007019, 0.017154
kids, 15, OCOM, Other, 0.010484, 0.024687
kids, 15, )O]O, Other, 0.021157, 0.037764
kids, 15, ][(), Other, 0.004222, 0.011812
kids, 15, CC[(, Other, 0.009792, 0.021466
kids, 15, ])[(, Other, 0.004666, 0.014195
kids, 15, OCCO, Other, 0.006172, 0.015722
kids, 15, )]([, Other, 0.005286, 0.014188
kids, 15, [C(M, Other, 0.007386, 0.017482
kids, 15, ])OO, Other, 0.004854, 0.012831
kids, 15, ()][, Other, 0.181985, 0.092527
kids, 15, [)(], Other, 0.006237, 0.014024
kids, 15, )[](, Other, 0.013626, 0.027471
kids, 15, OO]), Crossing, 0.020816, 0.032214
kids, 15, ]([), Other, 0.005957, 0.013946
kids, 15, )OO], Other, 0.015497, 0.033706
kids, 15, C([M, Other, 0.017795, 0.037181
kids, 15, OMCO, Other, 0.017423, 0.038073
kids, 15, OOCM, Crossing, 0.013807, 0.025696
kids, 15, ([]), Recursive, 0.076082, 0.062083
kids, 15, ]O)O, Other, 0.006117, 0.014612
kids, 15, ])([, Other, 0.006985, 0.015951
kids, 15, COOC, Other, 0.007648, 0.020118
kids, 15, O]O), Other, 0.007064, 0.015611
kids, 15, )(][, Other, 0.014503, 0.027022
kids, 15, OO)], Crossing, 0.011148, 0.020758
kids, 15, COCO, Other, 0.011154, 0.026056
kids, 15, [](), Tail, 0.006330, 0.013981
kids, 15, CCOO, Other, 0.008364, 0.019217
kids, 15, [(CM, Crossing, 0.010466, 0.020972
kids, 15, CC([, Other, 0.005920, 0.015731
kids, 15, )([], Other, 0.074082, 0.062586
kids, 15, )[(], Other, 0.005858, 0.015383
kids, 15, [])(, Other, 0.005517, 0.013032
kids, 15, OMOM, Tail, 0.017506, 0.036228
kids, 15, OOMM, Recursive, 0.035151, 0.042206
kids, 15, (CC[, Other, 0.012712, 0.030264
kids, 15, ][)(, Other, 0.005255, 0.013500
kids, 15, (])[, Other, 0.008552, 0.019161
kids, 15, [CC(, Other, 0.005716, 0.013979
kids, 15, [(]), Other, 0.006892, 0.016848
kids, 15, O)O], Other, 0.021426, 0.041592
kids, 15, O)]O, Other, 0.015535, 0.039579
kids, 15, C[(M, Other, 0.004331, 0.012174
kids, 15, (C[M, Other, 0.016558, 0.034180
kids, 15, )][(, Other, 0.015407, 0.030322
kids, 15, ([)], Other, 0.010644, 0.020962
kids, 15, [()], Recursive, 0.035345, 0.038284
kids, 15, O])O, Other, 0.005885, 0.014411
kids, 15, ()[], Tail, 0.092518, 0.073203
kids, 15, ]()[, Other, 0.007496, 0.016435
kids, 15, (][), Other, 0.004855, 0.013256
kids, 15, [)](, Other, 0.005246, 0.013026
kids, 15, ([CM, Crossing, 0.019346, 0.032600
kids, 15, ]OO), Other, 0.005569, 0.013374
kids, 15, )]OO, Other, 0.006248, 0.015863
kids, 15, C(C[, Other, 0.010390, 0.021214
kids, 16, C[C(, Other, 0.005030, 0.012167
kids, 16, OCOM, Other, 0.009919, 0.024573
kids, 16, )O]O, Other, 0.009981, 0.021662
kids, 16, ][(), Other, 0.004312, 0.011510
kids, 16, CC[(, Other, 0.005186, 0.013030
kids, 16, ])[(, Other, 0.005368, 0.013150
kids, 16, OCCO, Other, 0.009143, 0.023422
kids, 16, )]([, Other, 0.005629, 0.013139
kids, 16, [C(M, Other, 0.004166, 0.012502
kids, 16, ])OO, Other, 0.010947, 0.023513
kids, 16, ()][, Other, 0.031651, 0.041874
kids, 16, [)(], Other, 0.005513, 0.013785
kids, 16, )[](, Other, 0.004830, 0.012686
kids, 16, OO]), Crossing, 0.046398, 0.061120
kids, 16, ]([), Other, 0.005216, 0.013318
kids, 16, )OO], Other, 0.005481, 0.013783
kids, 16, C([M, Other, 0.005890, 0.014546
kids, 16, OMCO, Other, 0.026895, 0.043838
kids, 16, OOCM, Crossing, 0.036364, 0.063880
kids, 16, ([]), Recursive, 0.098519, 0.075131
kids, 16, ]O)O, Other, 0.005322, 0.013237
kids, 16, ])([, Other, 0.012931, 0.024508
kids, 16, COOC, Other, 0.004475, 0.013545
kids, 16, O]O), Other, 0.006725, 0.015990
kids, 16, )(][, Other, 0.015446, 0.027762
kids, 16, OO)], Crossing, 0.028787, 0.043735
kids, 16, COCO, Other, 0.006738, 0.016125
kids, 16, [](), Tail, 0.007399, 0.015802
kids, 16, CCOO, Other, 0.006898, 0.017177
kids, 16, [(CM, Crossing, 0.039542, 0.062452
kids, 16, CC([, Other, 0.011074, 0.023341
kids, 16, )([], Other, 0.007805, 0.016924
kids, 16, )[(], Other, 0.003292, 0.010252
kids, 16, [])(, Other, 0.009675, 0.022494
kids, 16, OMOM, Tail, 0.014863, 0.034547
kids, 16, OOMM, Recursive, 0.074152, 0.087215
kids, 16, (CC[, Other, 0.013500, 0.027635
kids, 16, ][)(, Other, 0.004385, 0.013022
kids, 16, (])[, Other, 0.005900, 0.014820
kids, 16, [CC(, Other, 0.009099, 0.020126
kids, 16, [(]), Other, 0.026988, 0.039003
kids, 16, O)O], Other, 0.022436, 0.044584
kids, 16, O)]O, Other, 0.011667, 0.025541
kids, 16, C[(M, Other, 0.003865, 0.011109
kids, 16, (C[M, Other, 0.016182, 0.035947
kids, 16, )][(, Other, 0.004692, 0.013252
kids, 16, ([)], Other, 0.015510, 0.025256
kids, 16, [()], Recursive, 0.105441, 0.073656
kids, 16, O])O, Other, 0.008954, 0.019950
kids, 16, ()[], Tail, 0.093537, 0.074562
kids, 16, ]()[, Other, 0.006062, 0.013612
kids, 16, (][), Other, 0.005819, 0.015380
kids, 16, [)](, Other, 0.005566, 0.013924
kids, 16, ([CM, Crossing, 0.029764, 0.046017
kids, 16, ]OO), Other, 0.004929, 0.013508
kids, 16, )]OO, Other, 0.003686, 0.011595
kids, 16, C(C[, Other, 0.010455, 0.021648
kids, 17, C[C(, Other, 0.004453, 0.011208
kids, 17, OCOM, Other, 0.005691, 0.011853
kids, 17, )O]O, Other, 0.005204, 0.012748
kids, 17, ][(), Other, 0.004444, 0.011913
kids, 17, CC[(, Other, 0.004731, 0.011921
kids, 17, ])[(, Other, 0.004748, 0.011996
kids, 17, OCCO, Other, 0.004603, 0.011893
kids, 17, )]([, Other, 0.005109, 0.011554
kids, 17, [C(M, Other, 0.004714, 0.011720
kids, 17, ])OO, Other, 0.004897, 0.012176
kids, 17, ()][, Other, 0.008248, 0.015333
kids, 17, [)(], Other, 0.005449, 0.013868
kids, 17, )[](, Other, 0.004173, 0.010901
kids, 17, OO]), Crossing, 0.014529, 0.023226
kids, 17, ]([), Other, 0.005003, 0.013440
kids, 17, )OO], Other, 0.006889, 0.015505
kids, 17, C([M, Other, 0.005592, 0.013866
kids, 17, OMCO, Other, 0.006024, 0.014185
kids, 17, OOCM, Crossing, 0.015243, 0.027582
kids, 17, ([]), Recursive, 0.041461, 0.038676
kids, 17, ]O)O, Other, 0.004020, 0.010010
kids, 17, ])([, Other, 0.005851, 0.013777
kids, 17, COOC, Other, 0.004844, 0.013248
kids, 17, O]O), Other, 0.005124, 0.012104
kids, 17, )(][, Other, 0.006240, 0.014349
kids, 17, OO)], Crossing, 0.018416, 0.035705
kids, 17, COCO, Other, 0.005302, 0.012463
kids, 17, [](), Tail, 0.005509, 0.014768
kids, 17, CCOO, Other, 0.004224, 0.012079
kids, 17, [(CM, Crossing, 0.019544, 0.036224
kids, 17, CC([, Other, 0.005133, 0.013429
kids, 17, )([], Other, 0.006606, 0.017029
kids, 17, )[(], Other, 0.003735, 0.010275
kids, 17, [])(, Other, 0.004424, 0.012048
kids, 17, OMOM, Tail, 0.004956, 0.012949
kids, 17, OOMM, Recursive, 0.056588, 0.072759
kids, 17, (CC[, Other, 0.005786, 0.014117
kids, 17, ][)(, Other, 0.004406, 0.011622
kids, 17, (])[, Other, 0.006099, 0.014057
kids, 17, [CC(, Other, 0.004586, 0.012823
kids, 17, [(]), Other, 0.008494, 0.016751
kids, 17, O)O], Other, 0.006385, 0.014028
kids, 17, O)]O, Other, 0.004699, 0.011779
kids, 17, C[(M, Other, 0.004492, 0.011964
kids, 17, (C[M, Other, 0.005678, 0.013450
kids, 17, )][(, Other, 0.004966, 0.012456
kids, 17, ([)], Other, 0.007754, 0.016082
kids, 17, [()], Recursive, 0.559465, 0.107938
kids, 17, O])O, Other, 0.004755, 0.012589
kids, 17, ()[], Tail, 0.006668, 0.014574
kids, 17, ]()[, Other, 0.005621, 0.013341
kids, 17, (][), Other, 0.005043, 0.011873
kids, 17, [)](, Other, 0.004244, 0.011458
kids, 17, ([CM, Crossing, 0.015736, 0.026908
kids, 17, ]OO), Other, 0.003533, 0.010171
kids, 17, )]OO, Other, 0.004179, 0.011615
kids, 17, C(C[, Other, 0.005693, 0.014316
tsimane, 18, C[C(, Other, 0.007010, 0.015026
tsimane, 18, OCOM, Other, 0.007542, 0.015615
tsimane, 18, )O]O, Other, 0.008298, 0.017598
tsimane, 18, ][(), Other, 0.006441, 0.015249
tsimane, 18, CC[(, Other, 0.007066, 0.015482
tsimane, 18, ])[(, Other, 0.006187, 0.013525
tsimane, 18, OCCO, Other, 0.006494, 0.014464
tsimane, 18, )]([, Other, 0.004862, 0.012170
tsimane, 18, [C(M, Other, 0.007281, 0.016175
tsimane, 18, ])OO, Other, 0.006292, 0.013903
tsimane, 18, ()][, Other, 0.006178, 0.012778
tsimane, 18, [)(], Other, 0.010594, 0.019614
tsimane, 18, )[](, Other, 0.004737, 0.012980
tsimane, 18, OO]), Crossing, 0.046130, 0.052290
tsimane, 18, ]([), Other, 0.006460, 0.013313
tsimane, 18, )OO], Other, 0.005828, 0.012104
tsimane, 18, C([M, Other, 0.004791, 0.011964
tsimane, 18, OMCO, Other, 0.008058, 0.015971
tsimane, 18, OOCM, Crossing, 0.017016, 0.038676
tsimane, 18, ([]), Recursive, 0.259107, 0.085449
tsimane, 18, ]O)O, Other, 0.006135, 0.014667
tsimane, 18, ])([, Other, 0.006970, 0.016393
tsimane, 18, COOC, Other, 0.004654, 0.011941
tsimane, 18, O]O), Other, 0.005320, 0.014378
tsimane, 18, )(][, Other, 0.005546, 0.013336
tsimane, 18, OO)], Crossing, 0.033862, 0.045641
tsimane, 18, COCO, Other, 0.006507, 0.014344
tsimane, 18, [](), Tail, 0.006857, 0.014796
tsimane, 18, CCOO, Other, 0.003601, 0.009996
tsimane, 18, [(CM, Crossing, 0.037705, 0.041040
tsimane, 18, CC([, Other, 0.007992, 0.016564
tsimane, 18, )([], Other, 0.007369, 0.015068
tsimane, 18, )[(], Other, 0.005580, 0.014682
tsimane, 18, [])(, Other, 0.006659, 0.014623
tsimane, 18, OMOM, Tail, 0.005711, 0.013450
tsimane, 18, OOMM, Recursive, 0.020609, 0.029678
tsimane, 18, (CC[, Other, 0.004966, 0.012246
tsimane, 18, ][)(, Other, 0.007871, 0.016160
tsimane, 18, (])[, Other, 0.004805, 0.012336
tsimane, 18, [CC(, Other, 0.006813, 0.015449
tsimane, 18, [(]), Other, 0.034593, 0.042652
tsimane, 18, O)O], Other, 0.007607, 0.016494
tsimane, 18, O)]O, Other, 0.005949, 0.013164
tsimane, 18, C[(M, Other, 0.004877, 0.012397
tsimane, 18, (C[M, Other, 0.008332, 0.015588
tsimane, 18, )][(, Other, 0.005752, 0.013815
tsimane, 18, ([)], Other, 0.187444, 0.085598
tsimane, 18, [()], Recursive, 0.027078, 0.032602
tsimane, 18, O])O, Other, 0.006600, 0.014235
tsimane, 18, ()[], Tail, 0.006812, 0.014897
tsimane, 18, ]()[, Other, 0.005697, 0.013255
tsimane, 18, (][), Other, 0.007820, 0.015936
tsimane, 18, [)](, Other, 0.004049, 0.011073
tsimane, 18, ([CM, Crossing, 0.040674, 0.057313
tsimane, 18, ]OO), Other, 0.004606, 0.011655
tsimane, 18, )]OO, Other, 0.004838, 0.012719
tsimane, 18, C(C[, Other, 0.005368, 0.011530
tsimane, 19, C[C(, Other, 0.005779, 0.012360
tsimane, 19, OCOM, Other, 0.008387, 0.017414
tsimane, 19, )O]O, Other, 0.008244, 0.017320
tsimane, 19, ][(), Other, 0.005267, 0.012407
tsimane, 19, CC[(, Other, 0.007379, 0.015382
tsimane, 19, ])[(, Other, 0.004608, 0.011849
tsimane, 19, OCCO, Other, 0.006403, 0.014268
tsimane, 19, )]([, Other, 0.006166, 0.014388
tsimane, 19, [C(M, Other, 0.007573, 0.014966
tsimane, 19, ])OO, Other, 0.006889, 0.013754
tsimane, 19, ()][, Other, 0.006317, 0.015542
tsimane, 19, [)(], Other, 0.009106, 0.017078
tsimane, 19, )[](, Other, 0.006847, 0.016788
tsimane, 19, OO]), Crossing, 0.028307, 0.035417
tsimane, 19, ]([), Other, 0.006477, 0.014209
tsimane, 19, )OO], Other, 0.007420, 0.016769
tsimane, 19, C([M, Other, 0.004003, 0.010682
tsimane, 19, OMCO, Other, 0.005294, 0.012578
tsimane, 19, OOCM, Crossing, 0.013064, 0.028183
tsimane, 19, ([]), Recursive, 0.187278, 0.073679
tsimane, 19, ]O)O, Other, 0.005152, 0.011992
tsimane, 19, ])([, Other, 0.007137, 0.015991
tsimane, 19, COOC, Other, 0.004381, 0.011078
tsimane, 19, O]O), Other, 0.005693, 0.013927
tsimane, 19, )(][, Other, 0.005435, 0.013194
tsimane, 19, OO)], Crossing, 0.046326, 0.059691
tsimane, 19, COCO, Other, 0.005898, 0.012526
tsimane, 19, [](), Tail, 0.006393, 0.013902
tsimane, 19, CCOO, Other, 0.005669, 0.013299
tsimane, 19, [(CM, Crossing, 0.072221, 0.078386
tsimane, 19, CC([, Other, 0.006747, 0.016834
tsimane, 19, )([], Other, 0.005666, 0.013091
tsimane, 19, )[(], Other, 0.005226, 0.012662
tsimane, 19, [])(, Other, 0.006056, 0.013230
tsimane, 19, OMOM, Tail, 0.006836, 0.015542
tsimane, 19, OOMM, Recursive, 0.040136, 0.055543
tsimane, 19, (CC[, Other, 0.005845, 0.015108
tsimane, 19, ][)(, Other, 0.008034, 0.015606
tsimane, 19, (])[, Other, 0.005259, 0.012561
tsimane, 19, [CC(, Other, 0.007264, 0.014895
tsimane, 19, [(]), Other, 0.020317, 0.029124
tsimane, 19, O)O], Other, 0.007179, 0.015136
tsimane, 19, O)]O, Other, 0.006286, 0.014462
tsimane, 19, C[(M, Other, 0.006054, 0.013994
tsimane, 19, (C[M, Other, 0.006552, 0.015197
tsimane, 19, )][(, Other, 0.006031, 0.014676
tsimane, 19, ([)], Other, 0.035960, 0.035430
tsimane, 19, [()], Recursive, 0.247858, 0.121269
tsimane, 19, O])O, Other, 0.006592, 0.014257
tsimane, 19, ()[], Tail, 0.005923, 0.012967
tsimane, 19, ]()[, Other, 0.005919, 0.014906
tsimane, 19, (][), Other, 0.007759, 0.016338
tsimane, 19, [)](, Other, 0.004736, 0.013677
tsimane, 19, ([CM, Crossing, 0.013344, 0.022387
tsimane, 19, ]OO), Other, 0.006838, 0.014846
tsimane, 19, )]OO, Other, 0.004392, 0.010449
tsimane, 19, C(C[, Other, 0.006079, 0.014169
tsimane, 20, C[C(, Other, 0.005527, 0.013265
tsimane, 20, OCOM, Other, 0.008380, 0.017019
tsimane, 20, )O]O, Other, 0.006646, 0.013384
tsimane, 20, ][(), Other, 0.005543, 0.013461
tsimane, 20, CC[(, Other, 0.007145, 0.015156
tsimane, 20, ])[(, Other, 0.007145, 0.014955
tsimane, 20, OCCO, Other, 0.006237, 0.013915
tsimane, 20, )]([, Other, 0.004136, 0.010802
tsimane, 20, [C(M, Other, 0.006964, 0.015696
tsimane, 20, ])OO, Other, 0.004862, 0.012181
tsimane, 20, ()][, Other, 0.006439, 0.014204
tsimane, 20, [)(], Other, 0.009247, 0.018419
tsimane, 20, )[](, Other, 0.005994, 0.013689
tsimane, 20, OO]), Crossing, 0.024342, 0.033850
tsimane, 20, ]([), Other, 0.006943, 0.014693
tsimane, 20, )OO], Other, 0.006886, 0.016071
tsimane, 20, C([M, Other, 0.005745, 0.013834
tsimane, 20, OMCO, Other, 0.005707, 0.013014
tsimane, 20, OOCM, Crossing, 0.013608, 0.029321
tsimane, 20, ([]), Recursive, 0.296201, 0.093588
tsimane, 20, ]O)O, Other, 0.006150, 0.014564
tsimane, 20, ])([, Other, 0.006567, 0.014000
tsimane, 20, COOC, Other, 0.004307, 0.012041
tsimane, 20, O]O), Other, 0.004711, 0.012966
tsimane, 20, )(][, Other, 0.005060, 0.012793
tsimane, 20, OO)], Crossing, 0.037672, 0.053041
tsimane, 20, COCO, Other, 0.006110, 0.014356
tsimane, 20, [](), Tail, 0.007328, 0.014423
tsimane, 20, CCOO, Other, 0.005344, 0.012329
tsimane, 20, [(CM, Crossing, 0.021601, 0.028741
tsimane, 20, CC([, Other, 0.006213, 0.013449
tsimane, 20, )([], Other, 0.005804, 0.013415
tsimane, 20, )[(], Other, 0.005125, 0.013289
tsimane, 20, [])(, Other, 0.006356, 0.015193
tsimane, 20, OMOM, Tail, 0.006156, 0.012936
tsimane, 20, OOMM, Recursive, 0.022261, 0.031643
tsimane, 20, (CC[, Other, 0.006016, 0.014754
tsimane, 20, ][)(, Other, 0.007072, 0.015404
tsimane, 20, (])[, Other, 0.004441, 0.010966
tsimane, 20, [CC(, Other, 0.006468, 0.013664
tsimane, 20, [(]), Other, 0.013389, 0.021249
tsimane, 20, O)O], Other, 0.008455, 0.016463
tsimane, 20, O)]O, Other, 0.004717, 0.012540
tsimane, 20, C[(M, Other, 0.006197, 0.013860
tsimane, 20, (C[M, Other, 0.007220, 0.016769
tsimane, 20, )][(, Other, 0.004970, 0.012759
tsimane, 20, ([)], Other, 0.211191, 0.092754
tsimane, 20, [()], Recursive, 0.027270, 0.034190
tsimane, 20, O])O, Other, 0.005239, 0.012903
tsimane, 20, ()[], Tail, 0.005709, 0.014287
tsimane, 20, ]()[, Other, 0.005562, 0.012631
tsimane, 20, (][), Other, 0.007370, 0.015153
tsimane, 20, [)](, Other, 0.003606, 0.011071
tsimane, 20, ([CM, Crossing, 0.046365, 0.067378
tsimane, 20, ]OO), Other, 0.006989, 0.015690
tsimane, 20, )]OO, Other, 0.004001, 0.010288
tsimane, 20, C(C[, Other, 0.007289, 0.015217
tsimane, 21, C[C(, Other, 0.006246, 0.013802
tsimane, 21, OCOM, Other, 0.007754, 0.016510
tsimane, 21, )O]O, Other, 0.005858, 0.013370
tsimane, 21, ][(), Other, 0.005202, 0.012964
tsimane, 21, CC[(, Other, 0.005944, 0.014158
tsimane, 21, ])[(, Other, 0.005375, 0.013293
tsimane, 21, OCCO, Other, 0.006413, 0.013520
tsimane, 21, )]([, Other, 0.005436, 0.012901
tsimane, 21, [C(M, Other, 0.008190, 0.016512
tsimane, 21, ])OO, Other, 0.005933, 0.013609
tsimane, 21, ()][, Other, 0.007612, 0.016128
tsimane, 21, [)(], Other, 0.010072, 0.019233
tsimane, 21, )[](, Other, 0.005486, 0.013599
tsimane, 21, OO]), Crossing, 0.030923, 0.042320
tsimane, 21, ]([), Other, 0.006176, 0.012301
tsimane, 21, )OO], Other, 0.007997, 0.017040
tsimane, 21, C([M, Other, 0.004952, 0.012126
tsimane, 21, OMCO, Other, 0.009398, 0.017123
tsimane, 21, OOCM, Crossing, 0.011541, 0.024579
tsimane, 21, ([]), Recursive, 0.500964, 0.104498
tsimane, 21, ]O)O, Other, 0.005056, 0.012261
tsimane, 21, ])([, Other, 0.005653, 0.012924
tsimane, 21, COOC, Other, 0.004095, 0.010589
tsimane, 21, O]O), Other, 0.005307, 0.012846
tsimane, 21, )(][, Other, 0.004756, 0.012677
tsimane, 21, OO)], Crossing, 0.016290, 0.024368
tsimane, 21, COCO, Other, 0.005657, 0.013299
tsimane, 21, [](), Tail, 0.007577, 0.016420
tsimane, 21, CCOO, Other, 0.005862, 0.014725
tsimane, 21, [(CM, Crossing, 0.020148, 0.026324
tsimane, 21, CC([, Other, 0.005734, 0.012851
tsimane, 21, )([], Other, 0.005954, 0.014629
tsimane, 21, )[(], Other, 0.005878, 0.016259
tsimane, 21, [])(, Other, 0.005446, 0.014777
tsimane, 21, OMOM, Tail, 0.006062, 0.013616
tsimane, 21, OOMM, Recursive, 0.030497, 0.040823
tsimane, 21, (CC[, Other, 0.004059, 0.011626
tsimane, 21, ][)(, Other, 0.007880, 0.014988
tsimane, 21, (])[, Other, 0.004839, 0.012403
tsimane, 21, [CC(, Other, 0.006434, 0.014361
tsimane, 21, [(]), Other, 0.013759, 0.022373
tsimane, 21, O)O], Other, 0.007468, 0.015823
tsimane, 21, O)]O, Other, 0.007791, 0.015774
tsimane, 21, C[(M, Other, 0.005919, 0.013211
tsimane, 21, (C[M, Other, 0.006854, 0.013912
tsimane, 21, )][(, Other, 0.005204, 0.012380
tsimane, 21, ([)], Other, 0.036479, 0.035224
tsimane, 21, [()], Recursive, 0.024257, 0.032034
tsimane, 21, O])O, Other, 0.008811, 0.017589
tsimane, 21, ()[], Tail, 0.005770, 0.013714
tsimane, 21, ]()[, Other, 0.004861, 0.012100
tsimane, 21, (][), Other, 0.008757, 0.016494
tsimane, 21, [)](, Other, 0.006147, 0.013529
tsimane, 21, ([CM, Crossing, 0.021099, 0.032107
tsimane, 21, ]OO), Other, 0.006005, 0.014919
tsimane, 21, )]OO, Other, 0.005008, 0.012342
tsimane, 21, C(C[, Other, 0.005156, 0.011778
tsimane, 22, C[C(, Other, 0.019503, 0.036095
tsimane, 22, OCOM, Other, 0.017976, 0.034356
tsimane, 22, )O]O, Other, 0.008922, 0.016514
tsimane, 22, ][(), Other, 0.015570, 0.027363
tsimane, 22, CC[(, Other, 0.005826, 0.013296
tsimane, 22, ])[(, Other, 0.007159, 0.016257
tsimane, 22, OCCO, Other, 0.009727, 0.022142
tsimane, 22, )]([, Other, 0.004991, 0.014207
tsimane, 22, [C(M, Other, 0.030052, 0.046505
tsimane, 22, ])OO, Other, 0.015271, 0.027196
tsimane, 22, ()][, Other, 0.005459, 0.012829
tsimane, 22, [)(], Other, 0.018655, 0.027948
tsimane, 22, )[](, Other, 0.005713, 0.013213
tsimane, 22, OO]), Crossing, 0.024304, 0.034673
tsimane, 22, ]([), Other, 0.017003, 0.029510
tsimane, 22, )OO], Other, 0.007300, 0.016294
tsimane, 22, C([M, Other, 0.009344, 0.020679
tsimane, 22, OMCO, Other, 0.019074, 0.031933
tsimane, 22, OOCM, Crossing, 0.011106, 0.024346
tsimane, 22, ([]), Recursive, 0.168418, 0.073974
tsimane, 22, ]O)O, Other, 0.022254, 0.041784
tsimane, 22, ])([, Other, 0.033638, 0.043580
tsimane, 22, COOC, Other, 0.006988, 0.019416
tsimane, 22, O]O), Other, 0.011435, 0.028596
tsimane, 22, )(][, Other, 0.005572, 0.013543
tsimane, 22, OO)], Crossing, 0.019929, 0.027883
tsimane, 22, COCO, Other, 0.009149, 0.022983
tsimane, 22, [](), Tail, 0.025772, 0.041263
tsimane, 22, CCOO, Other, 0.008773, 0.022561
tsimane, 22, [(CM, Crossing, 0.024264, 0.028866
tsimane, 22, CC([, Other, 0.018814, 0.034698
tsimane, 22, )([], Other, 0.007367, 0.017312
tsimane, 22, )[(], Other, 0.007177, 0.015899
tsimane, 22, [])(, Other, 0.037240, 0.045952
tsimane, 22, OMOM, Tail, 0.015097, 0.028755
tsimane, 22, OOMM, Recursive, 0.021701, 0.028902
tsimane, 22, (CC[, Other, 0.004962, 0.012412
tsimane, 22, ][)(, Other, 0.066815, 0.060689
tsimane, 22, (])[, Other, 0.006214, 0.013367
tsimane, 22, [CC(, Other, 0.014710, 0.029404
tsimane, 22, [(]), Other, 0.014233, 0.023613
tsimane, 22, O)O], Other, 0.012594, 0.024021
tsimane, 22, O)]O, Other, 0.007720, 0.017350
tsimane, 22, C[(M, Other, 0.010211, 0.020717
tsimane, 22, (C[M, Other, 0.007866, 0.016437
tsimane, 22, )][(, Other, 0.006363, 0.014945
tsimane, 22, ([)], Other, 0.038497, 0.035350
tsimane, 22, [()], Recursive, 0.027300, 0.032302
tsimane, 22, O])O, Other, 0.013088, 0.025090
tsimane, 22, ()[], Tail, 0.005893, 0.014489
tsimane, 22, ]()[, Other, 0.005775, 0.013591
tsimane, 22, (][), Other, 0.009253, 0.018335
tsimane, 22, [)](, Other, 0.005476, 0.014481
tsimane, 22, ([CM, Crossing, 0.014229, 0.021991
tsimane, 22, ]OO), Other, 0.020223, 0.034443
tsimane, 22, )]OO, Other, 0.005328, 0.013903
tsimane, 22, C(C[, Other, 0.006711, 0.015248
tsimane, 23, C[C(, Other, 0.006620, 0.014100
tsimane, 23, OCOM, Other, 0.017141, 0.029404
tsimane, 23, )O]O, Other, 0.008286, 0.017639
tsimane, 23, ][(), Other, 0.005782, 0.014492
tsimane, 23, CC[(, Other, 0.006900, 0.014328
tsimane, 23, ])[(, Other, 0.004658, 0.012538
tsimane, 23, OCCO, Other, 0.007004, 0.016777
tsimane, 23, )]([, Other, 0.004186, 0.011376
tsimane, 23, [C(M, Other, 0.016075, 0.032179
tsimane, 23, ])OO, Other, 0.006833, 0.013644
tsimane, 23, ()][, Other, 0.006444, 0.013975
tsimane, 23, [)(], Other, 0.104960, 0.068312
tsimane, 23, )[](, Other, 0.006457, 0.015041
tsimane, 23, OO]), Crossing, 0.043890, 0.049185
tsimane, 23, ]([), Other, 0.006670, 0.016508
tsimane, 23, )OO], Other, 0.006238, 0.014766
tsimane, 23, C([M, Other, 0.004881, 0.012177
tsimane, 23, OMCO, Other, 0.006785, 0.014549
tsimane, 23, OOCM, Crossing, 0.015516, 0.031559
tsimane, 23, ([]), Recursive, 0.218075, 0.084854
tsimane, 23, ]O)O, Other, 0.008091, 0.016077
tsimane, 23, ])([, Other, 0.005943, 0.013907
tsimane, 23, COOC, Other, 0.003332, 0.010635
tsimane, 23, O]O), Other, 0.008550, 0.019778
tsimane, 23, )(][, Other, 0.004828, 0.011861
tsimane, 23, OO)], Crossing, 0.032063, 0.040038
tsimane, 23, COCO, Other, 0.005796, 0.013160
tsimane, 23, [](), Tail, 0.007895, 0.015342
tsimane, 23, CCOO, Other, 0.006226, 0.013990
tsimane, 23, [(CM, Crossing, 0.066188, 0.066300
tsimane, 23, CC([, Other, 0.005889, 0.015185
tsimane, 23, )([], Other, 0.005392, 0.012947
tsimane, 23, )[(], Other, 0.005784, 0.012658
tsimane, 23, [])(, Other, 0.006642, 0.015117
tsimane, 23, OMOM, Tail, 0.006214, 0.013984
tsimane, 23, OOMM, Recursive, 0.031868, 0.044450
tsimane, 23, (CC[, Other, 0.004891, 0.013000
tsimane, 23, ][)(, Other, 0.006645, 0.015128
tsimane, 23, (])[, Other, 0.005113, 0.012307
tsimane, 23, [CC(, Other, 0.007457, 0.016169
tsimane, 23, [(]), Other, 0.028501, 0.041869
tsimane, 23, O)O], Other, 0.018589, 0.035975
tsimane, 23, O)]O, Other, 0.006747, 0.014767
tsimane, 23, C[(M, Other, 0.005963, 0.013359
tsimane, 23, (C[M, Other, 0.013730, 0.024085
tsimane, 23, )][(, Other, 0.005658, 0.013449
tsimane, 23, ([)], Other, 0.042222, 0.037213
tsimane, 23, [()], Recursive, 0.064689, 0.060629
tsimane, 23, O])O, Other, 0.007754, 0.017671
tsimane, 23, ()[], Tail, 0.005260, 0.012970
tsimane, 23, ]()[, Other, 0.005610, 0.014117
tsimane, 23, (][), Other, 0.016456, 0.025769
tsimane, 23, [)](, Other, 0.004039, 0.011851
tsimane, 23, ([CM, Crossing, 0.019421, 0.029918
tsimane, 23, ]OO), Other, 0.005287, 0.013544
tsimane, 23, )]OO, Other, 0.004687, 0.012597
tsimane, 23, C(C[, Other, 0.007175, 0.016103
tsimane, 24, C[C(, Other, 0.004821, 0.011005
tsimane, 24, OCOM, Other, 0.008450, 0.016048
tsimane, 24, )O]O, Other, 0.005642, 0.014426
tsimane, 24, ][(), Other, 0.006589, 0.014469
tsimane, 24, CC[(, Other, 0.006038, 0.013991
tsimane, 24, ])[(, Other, 0.007321, 0.015079
tsimane, 24, OCCO, Other, 0.006715, 0.014672
tsimane, 24, )]([, Other, 0.004038, 0.010648
tsimane, 24, [C(M, Other, 0.005630, 0.013746
tsimane, 24, ])OO, Other, 0.005014, 0.012240
tsimane, 24, ()][, Other, 0.005308, 0.012666
tsimane, 24, [)(], Other, 0.009116, 0.018023
tsimane, 24, )[](, Other, 0.006123, 0.013675
tsimane, 24, OO]), Crossing, 0.028616, 0.043309
tsimane, 24, ]([), Other, 0.006288, 0.015130
tsimane, 24, )OO], Other, 0.007012, 0.015117
tsimane, 24, C([M, Other, 0.006014, 0.016471
tsimane, 24, OMCO, Other, 0.007528, 0.015362
tsimane, 24, OOCM, Crossing, 0.010436, 0.019881
tsimane, 24, ([]), Recursive, 0.510783, 0.101370
tsimane, 24, ]O)O, Other, 0.006538, 0.015362
tsimane, 24, ])([, Other, 0.007569, 0.015347
tsimane, 24, COOC, Other, 0.002387, 0.009140
tsimane, 24, O]O), Other, 0.006201, 0.013596
tsimane, 24, )(][, Other, 0.005455, 0.012615
tsimane, 24, OO)], Crossing, 0.017231, 0.023350
tsimane, 24, COCO, Other, 0.005084, 0.012000
tsimane, 24, [](), Tail, 0.008865, 0.017864
tsimane, 24, CCOO, Other, 0.004958, 0.012307
tsimane, 24, [(CM, Crossing, 0.019266, 0.025261
tsimane, 24, CC([, Other, 0.006649, 0.014270
tsimane, 24, )([], Other, 0.006214, 0.014778
tsimane, 24, )[(], Other, 0.005651, 0.012407
tsimane, 24, [])(, Other, 0.005409, 0.011870
tsimane, 24, OMOM, Tail, 0.006448, 0.013821
tsimane, 24, OOMM, Recursive, 0.024965, 0.036924
tsimane, 24, (CC[, Other, 0.004177, 0.011563
tsimane, 24, ][)(, Other, 0.006628, 0.013599
tsimane, 24, (])[, Other, 0.004310, 0.010941
tsimane, 24, [CC(, Other, 0.008115, 0.016700
tsimane, 24, [(]), Other, 0.012454, 0.020586
tsimane, 24, O)O], Other, 0.008648, 0.016323
tsimane, 24, O)]O, Other, 0.005094, 0.012091
tsimane, 24, C[(M, Other, 0.005460, 0.014919
tsimane, 24, (C[M, Other, 0.007359, 0.016434
tsimane, 24, )][(, Other, 0.006022, 0.012600
tsimane, 24, ([)], Other, 0.039356, 0.039023
tsimane, 24, [()], Recursive, 0.025452, 0.031036
tsimane, 24, O])O, Other, 0.006547, 0.013972
tsimane, 24, ()[], Tail, 0.006455, 0.014461
tsimane, 24, ]()[, Other, 0.005885, 0.014329
tsimane, 24, (][), Other, 0.009170, 0.017270
tsimane, 24, [)](, Other, 0.003247, 0.009543
tsimane, 24, ([CM, Crossing, 0.022760, 0.035933
tsimane, 24, ]OO), Other, 0.006433, 0.014322
tsimane, 24, )]OO, Other, 0.004087, 0.011527
tsimane, 24, C(C[, Other, 0.005970, 0.013411
tsimane, 25, C[C(, Other, 0.005320, 0.012647
tsimane, 25, OCOM, Other, 0.007785, 0.017583
tsimane, 25, )O]O, Other, 0.006207, 0.013389
tsimane, 25, ][(), Other, 0.007009, 0.016937
tsimane, 25, CC[(, Other, 0.006633, 0.015783
tsimane, 25, ])[(, Other, 0.005868, 0.013042
tsimane, 25, OCCO, Other, 0.006207, 0.014009
tsimane, 25, )]([, Other, 0.004614, 0.011970
tsimane, 25, [C(M, Other, 0.008262, 0.015795
tsimane, 25, ])OO, Other, 0.005894, 0.013362
tsimane, 25, ()][, Other, 0.005717, 0.014694
tsimane, 25, [)(], Other, 0.009329, 0.016818
tsimane, 25, )[](, Other, 0.005199, 0.012872
tsimane, 25, OO]), Crossing, 0.023444, 0.035262
tsimane, 25, ]([), Other, 0.006713, 0.014930
tsimane, 25, )OO], Other, 0.006372, 0.013687
tsimane, 25, C([M, Other, 0.005440, 0.012516
tsimane, 25, OMCO, Other, 0.007499, 0.014787
tsimane, 25, OOCM, Crossing, 0.009165, 0.020216
tsimane, 25, ([]), Recursive, 0.514269, 0.099391
tsimane, 25, ]O)O, Other, 0.005046, 0.011299
tsimane, 25, ])([, Other, 0.007673, 0.014282
tsimane, 25, COOC, Other, 0.004712, 0.013581
tsimane, 25, O]O), Other, 0.004700, 0.011773
tsimane, 25, )(][, Other, 0.005471, 0.011916
tsimane, 25, OO)], Crossing, 0.019291, 0.025795
tsimane, 25, COCO, Other, 0.006819, 0.015174
tsimane, 25, [](), Tail, 0.008308, 0.017371
tsimane, 25, CCOO, Other, 0.004773, 0.014603
tsimane, 25, [(CM, Crossing, 0.019254, 0.027231
tsimane, 25, CC([, Other, 0.005531, 0.012772
tsimane, 25, )([], Other, 0.006702, 0.014914
tsimane, 25, )[(], Other, 0.005336, 0.012629
tsimane, 25, [])(, Other, 0.006096, 0.013364
tsimane, 25, OMOM, Tail, 0.006814, 0.015591
tsimane, 25, OOMM, Recursive, 0.026368, 0.037943
tsimane, 25, (CC[, Other, 0.003878, 0.010524
tsimane, 25, ][)(, Other, 0.007770, 0.016931
tsimane, 25, (])[, Other, 0.004178, 0.010553
tsimane, 25, [CC(, Other, 0.006675, 0.014691
tsimane, 25, [(]), Other, 0.014846, 0.023165
tsimane, 25, O)O], Other, 0.008023, 0.015855
tsimane, 25, O)]O, Other, 0.007328, 0.015653
tsimane, 25, C[(M, Other, 0.005701, 0.013817
tsimane, 25, (C[M, Other, 0.007615, 0.017290
tsimane, 25, )][(, Other, 0.003657, 0.010836
tsimane, 25, ([)], Other, 0.035302, 0.035543
tsimane, 25, [()], Recursive, 0.025065, 0.032178
tsimane, 25, O])O, Other, 0.005712, 0.013617
tsimane, 25, ()[], Tail, 0.007284, 0.016502
tsimane, 25, ]()[, Other, 0.005600, 0.013836
tsimane, 25, (][), Other, 0.009198, 0.017363
tsimane, 25, [)](, Other, 0.003321, 0.009443
tsimane, 25, ([CM, Crossing, 0.022696, 0.035600
tsimane, 25, ]OO), Other, 0.005536, 0.013293
tsimane, 25, )]OO, Other, 0.004828, 0.013007
tsimane, 25, C(C[, Other, 0.005951, 0.014939
tsimane, 26, C[C(, Other, 0.004288, 0.011036
tsimane, 26, OCOM, Other, 0.008536, 0.015263
tsimane, 26, )O]O, Other, 0.006469, 0.014999
tsimane, 26, ][(), Other, 0.005943, 0.013229
tsimane, 26, CC[(, Other, 0.005769, 0.013367
tsimane, 26, ])[(, Other, 0.004840, 0.011798
tsimane, 26, OCCO, Other, 0.006225, 0.014029
tsimane, 26, )]([, Other, 0.004269, 0.010642
tsimane, 26, [C(M, Other, 0.006321, 0.013922
tsimane, 26, ])OO, Other, 0.006124, 0.014009
tsimane, 26, ()][, Other, 0.005692, 0.013967
tsimane, 26, [)(], Other, 0.009809, 0.017051
tsimane, 26, )[](, Other, 0.005917, 0.014497
tsimane, 26, OO]), Crossing, 0.031103, 0.043807
tsimane, 26, ]([), Other, 0.007320, 0.015172
tsimane, 26, )OO], Other, 0.004717, 0.010888
tsimane, 26, C([M, Other, 0.004883, 0.011769
tsimane, 26, OMCO, Other, 0.006836, 0.015421
tsimane, 26, OOCM, Crossing, 0.010488, 0.023676
tsimane, 26, ([]), Recursive, 0.508073, 0.099748
tsimane, 26, ]O)O, Other, 0.005166, 0.011873
tsimane, 26, ])([, Other, 0.006454, 0.014725
tsimane, 26, COOC, Other, 0.004824, 0.012800
tsimane, 26, O]O), Other, 0.005885, 0.013823
tsimane, 26, )(][, Other, 0.005626, 0.014852
tsimane, 26, OO)], Crossing, 0.020475, 0.027024
tsimane, 26, COCO, Other, 0.006770, 0.013883
tsimane, 26, [](), Tail, 0.009808, 0.018665
tsimane, 26, CCOO, Other, 0.004869, 0.012912
tsimane, 26, [(CM, Crossing, 0.022067, 0.028523
tsimane, 26, CC([, Other, 0.006237, 0.013357
tsimane, 26, )([], Other, 0.006496, 0.015952
tsimane, 26, )[(], Other, 0.004291, 0.012092
tsimane, 26, [])(, Other, 0.006525, 0.014797
tsimane, 26, OMOM, Tail, 0.005094, 0.012407
tsimane, 26, OOMM, Recursive, 0.026227, 0.039358
tsimane, 26, (CC[, Other, 0.005843, 0.013341
tsimane, 26, ][)(, Other, 0.007842, 0.015584
tsimane, 26, (])[, Other, 0.005900, 0.014300
tsimane, 26, [CC(, Other, 0.007520, 0.015118
tsimane, 26, [(]), Other, 0.012969, 0.022679
tsimane, 26, O)O], Other, 0.007496, 0.014842
tsimane, 26, O)]O, Other, 0.005533, 0.012732
tsimane, 26, C[(M, Other, 0.005733, 0.012912
tsimane, 26, (C[M, Other, 0.007832, 0.016848
tsimane, 26, )][(, Other, 0.004922, 0.012286
tsimane, 26, ([)], Other, 0.035794, 0.034074
tsimane, 26, [()], Recursive, 0.022409, 0.030316
tsimane, 26, O])O, Other, 0.006095, 0.014493
tsimane, 26, ()[], Tail, 0.006701, 0.013736
tsimane, 26, ]()[, Other, 0.005490, 0.012655
tsimane, 26, (][), Other, 0.008716, 0.016960
tsimane, 26, [)](, Other, 0.003975, 0.010995
tsimane, 26, ([CM, Crossing, 0.023029, 0.036267
tsimane, 26, ]OO), Other, 0.005695, 0.015276
tsimane, 26, )]OO, Other, 0.004124, 0.010061
tsimane, 26, C(C[, Other, 0.005944, 0.012768
tsimane, 27, C[C(, Other, 0.006826, 0.014773
tsimane, 27, OCOM, Other, 0.017025, 0.035474
tsimane, 27, )O]O, Other, 0.007215, 0.015899
tsimane, 27, ][(), Other, 0.005147, 0.012677
tsimane, 27, CC[(, Other, 0.006896, 0.015064
tsimane, 27, ])[(, Other, 0.005556, 0.014586
tsimane, 27, OCCO, Other, 0.007974, 0.017734
tsimane, 27, )]([, Other, 0.005446, 0.013407
tsimane, 27, [C(M, Other, 0.006379, 0.014380
tsimane, 27, ])OO, Other, 0.005039, 0.013359
tsimane, 27, ()][, Other, 0.006677, 0.013571
tsimane, 27, [)(], Other, 0.009536, 0.018597
tsimane, 27, )[](, Other, 0.006806, 0.016060
tsimane, 27, OO]), Crossing, 0.026197, 0.040777
tsimane, 27, ]([), Other, 0.007476, 0.015824
tsimane, 27, )OO], Other, 0.007120, 0.017774
tsimane, 27, C([M, Other, 0.004996, 0.012009
tsimane, 27, OMCO, Other, 0.008071, 0.016340
tsimane, 27, OOCM, Crossing, 0.012350, 0.025260
tsimane, 27, ([]), Recursive, 0.309809, 0.091194
tsimane, 27, ]O)O, Other, 0.005476, 0.012910
tsimane, 27, ])([, Other, 0.007394, 0.015796
tsimane, 27, COOC, Other, 0.004990, 0.013945
tsimane, 27, O]O), Other, 0.015263, 0.032539
tsimane, 27, )(][, Other, 0.006043, 0.014370
tsimane, 27, OO)], Crossing, 0.025622, 0.033651
tsimane, 27, COCO, Other, 0.007230, 0.015420
tsimane, 27, [](), Tail, 0.007566, 0.017117
tsimane, 27, CCOO, Other, 0.005382, 0.013627
tsimane, 27, [(CM, Crossing, 0.021099, 0.028154
tsimane, 27, CC([, Other, 0.006266, 0.013490
tsimane, 27, )([], Other, 0.007561, 0.016190
tsimane, 27, )[(], Other, 0.005667, 0.012862
tsimane, 27, [])(, Other, 0.005007, 0.012887
tsimane, 27, OMOM, Tail, 0.014087, 0.028100
tsimane, 27, OOMM, Recursive, 0.024294, 0.033804
tsimane, 27, (CC[, Other, 0.005034, 0.012466
tsimane, 27, ][)(, Other, 0.006456, 0.014621
tsimane, 27, (])[, Other, 0.005492, 0.013764
tsimane, 27, [CC(, Other, 0.007308, 0.015458
tsimane, 27, [(]), Other, 0.014679, 0.024695
tsimane, 27, O)O], Other, 0.016805, 0.030196
tsimane, 27, O)]O, Other, 0.006163, 0.014472
tsimane, 27, C[(M, Other, 0.005529, 0.013052
tsimane, 27, (C[M, Other, 0.061082, 0.074443
tsimane, 27, )][(, Other, 0.006019, 0.015442
tsimane, 27, ([)], Other, 0.056119, 0.049643
tsimane, 27, [()], Recursive, 0.025812, 0.031610
tsimane, 27, O])O, Other, 0.007460, 0.016767
tsimane, 27, ()[], Tail, 0.021549, 0.035584
tsimane, 27, ]()[, Other, 0.007384, 0.016552
tsimane, 27, (][), Other, 0.052603, 0.057468
tsimane, 27, [)](, Other, 0.006175, 0.014689
tsimane, 27, ([CM, Crossing, 0.029327, 0.046043
tsimane, 27, ]OO), Other, 0.005691, 0.014115
tsimane, 27, )]OO, Other, 0.005526, 0.012762
tsimane, 27, C(C[, Other, 0.006301, 0.013501
tsimane, 28, C[C(, Other, 0.005421, 0.013474
tsimane, 28, OCOM, Other, 0.015470, 0.027099
tsimane, 28, )O]O, Other, 0.005883, 0.012285
tsimane, 28, ][(), Other, 0.005453, 0.013754
tsimane, 28, CC[(, Other, 0.007391, 0.016902
tsimane, 28, ])[(, Other, 0.005616, 0.014140
tsimane, 28, OCCO, Other, 0.006242, 0.013772
tsimane, 28, )]([, Other, 0.004300, 0.012549
tsimane, 28, [C(M, Other, 0.011311, 0.023410
tsimane, 28, ])OO, Other, 0.006314, 0.013876
tsimane, 28, ()][, Other, 0.007290, 0.015851
tsimane, 28, [)(], Other, 0.009991, 0.018119
tsimane, 28, )[](, Other, 0.005628, 0.013376
tsimane, 28, OO]), Crossing, 0.028216, 0.035552
tsimane, 28, ]([), Other, 0.007183, 0.016316
tsimane, 28, )OO], Other, 0.006880, 0.014897
tsimane, 28, C([M, Other, 0.004493, 0.012544
tsimane, 28, OMCO, Other, 0.007728, 0.016564
tsimane, 28, OOCM, Crossing, 0.020063, 0.036759
tsimane, 28, ([]), Recursive, 0.184451, 0.075934
tsimane, 28, ]O)O, Other, 0.004194, 0.010983
tsimane, 28, ])([, Other, 0.007621, 0.017161
tsimane, 28, COOC, Other, 0.004882, 0.011990
tsimane, 28, O]O), Other, 0.006896, 0.017226
tsimane, 28, )(][, Other, 0.004627, 0.011524
tsimane, 28, OO)], Crossing, 0.069099, 0.080912
tsimane, 28, COCO, Other, 0.006730, 0.013966
tsimane, 28, [](), Tail, 0.017056, 0.029756
tsimane, 28, CCOO, Other, 0.004514, 0.011819
tsimane, 28, [(CM, Crossing, 0.040176, 0.046754
tsimane, 28, CC([, Other, 0.007297, 0.016839
tsimane, 28, )([], Other, 0.006001, 0.014443
tsimane, 28, )[(], Other, 0.007435, 0.015889
tsimane, 28, [])(, Other, 0.004959, 0.012459
tsimane, 28, OMOM, Tail, 0.014399, 0.030218
tsimane, 28, OOMM, Recursive, 0.025484, 0.037515
tsimane, 28, (CC[, Other, 0.006646, 0.014186
tsimane, 28, ][)(, Other, 0.007505, 0.014732
tsimane, 28, (])[, Other, 0.004904, 0.011761
tsimane, 28, [CC(, Other, 0.006688, 0.014422
tsimane, 28, [(]), Other, 0.023464, 0.033585
tsimane, 28, O)O], Other, 0.012090, 0.021412
tsimane, 28, O)]O, Other, 0.006396, 0.013281
tsimane, 28, C[(M, Other, 0.005981, 0.014808
tsimane, 28, (C[M, Other, 0.014058, 0.025477
tsimane, 28, )][(, Other, 0.006215, 0.014736
tsimane, 28, ([)], Other, 0.185630, 0.096708
tsimane, 28, [()], Recursive, 0.045330, 0.051419
tsimane, 28, O])O, Other, 0.007280, 0.015747
tsimane, 28, ()[], Tail, 0.013502, 0.025786
tsimane, 28, ]()[, Other, 0.006807, 0.016025
tsimane, 28, (][), Other, 0.010392, 0.023158
tsimane, 28, [)](, Other, 0.004671, 0.012293
tsimane, 28, ([CM, Crossing, 0.030689, 0.048531
tsimane, 28, ]OO), Other, 0.005321, 0.014029
tsimane, 28, )]OO, Other, 0.004283, 0.011793
tsimane, 28, C(C[, Other, 0.005454, 0.011964
tsimane, 29, C[C(, Other, 0.004804, 0.011740
tsimane, 29, OCOM, Other, 0.008107, 0.016063
tsimane, 29, )O]O, Other, 0.006855, 0.015617
tsimane, 29, ][(), Other, 0.005576, 0.013545
tsimane, 29, CC[(, Other, 0.006139, 0.013592
tsimane, 29, ])[(, Other, 0.006160, 0.014651
tsimane, 29, OCCO, Other, 0.007004, 0.015156
tsimane, 29, )]([, Other, 0.005484, 0.014164
tsimane, 29, [C(M, Other, 0.007137, 0.016333
tsimane, 29, ])OO, Other, 0.005397, 0.014677
tsimane, 29, ()][, Other, 0.005818, 0.013128
tsimane, 29, [)(], Other, 0.010632, 0.017712
tsimane, 29, )[](, Other, 0.006151, 0.014628
tsimane, 29, OO]), Crossing, 0.045606, 0.057978
tsimane, 29, ]([), Other, 0.007760, 0.015355
tsimane, 29, )OO], Other, 0.007283, 0.014624
tsimane, 29, C([M, Other, 0.004379, 0.012285
tsimane, 29, OMCO, Other, 0.008353, 0.016367
tsimane, 29, OOCM, Crossing, 0.024889, 0.051284
tsimane, 29, ([]), Recursive, 0.292099, 0.090205
tsimane, 29, ]O)O, Other, 0.006324, 0.014234
tsimane, 29, ])([, Other, 0.005839, 0.013658
tsimane, 29, COOC, Other, 0.006017, 0.014299
tsimane, 29, O]O), Other, 0.006071, 0.014479
tsimane, 29, )(][, Other, 0.004387, 0.011160
tsimane, 29, OO)], Crossing, 0.043030, 0.051250
tsimane, 29, COCO, Other, 0.005146, 0.012357
tsimane, 29, [](), Tail, 0.006932, 0.014445
tsimane, 29, CCOO, Other, 0.005026, 0.013368
tsimane, 29, [(CM, Crossing, 0.081751, 0.076066
tsimane, 29, CC([, Other, 0.006152, 0.012996
tsimane, 29, )([], Other, 0.007290, 0.015115
tsimane, 29, )[(], Other, 0.005633, 0.013571
tsimane, 29, [])(, Other, 0.005805, 0.014437
tsimane, 29, OMOM, Tail, 0.005421, 0.013484
tsimane, 29, OOMM, Recursive, 0.039983, 0.051744
tsimane, 29, (CC[, Other, 0.005956, 0.016287
tsimane, 29, ][)(, Other, 0.006902, 0.013295
tsimane, 29, (])[, Other, 0.004806, 0.012235
tsimane, 29, [CC(, Other, 0.007172, 0.015509
tsimane, 29, [(]), Other, 0.043800, 0.050051
tsimane, 29, O)O], Other, 0.008495, 0.016043
tsimane, 29, O)]O, Other, 0.007312, 0.015684
tsimane, 29, C[(M, Other, 0.006038, 0.013523
tsimane, 29, (C[M, Other, 0.007118, 0.014934
tsimane, 29, )][(, Other, 0.005531, 0.012432
tsimane, 29, ([)], Other, 0.054413, 0.045414
tsimane, 29, [()], Recursive, 0.053783, 0.057985
tsimane, 29, O])O, Other, 0.006958, 0.015450
tsimane, 29, ()[], Tail, 0.006616, 0.014745
tsimane, 29, ]()[, Other, 0.005546, 0.013419
tsimane, 29, (][), Other, 0.008629, 0.016427
tsimane, 29, [)](, Other, 0.005663, 0.013680
tsimane, 29, ([CM, Crossing, 0.020580, 0.033750
tsimane, 29, ]OO), Other, 0.006674, 0.015623
tsimane, 29, )]OO, Other, 0.005214, 0.012596
tsimane, 29, C(C[, Other, 0.006358, 0.015804
tsimane, 30, C[C(, Other, 0.005378, 0.011954
tsimane, 30, OCOM, Other, 0.006882, 0.015720
tsimane, 30, )O]O, Other, 0.007312, 0.016693
tsimane, 30, ][(), Other, 0.005079, 0.012408
tsimane, 30, CC[(, Other, 0.006916, 0.016495
tsimane, 30, ])[(, Other, 0.005206, 0.013665
tsimane, 30, OCCO, Other, 0.006842, 0.013795
tsimane, 30, )]([, Other, 0.004424, 0.011443
tsimane, 30, [C(M, Other, 0.005161, 0.012197
tsimane, 30, ])OO, Other, 0.007075, 0.014837
tsimane, 30, ()][, Other, 0.005555, 0.012066
tsimane, 30, [)(], Other, 0.009810, 0.017744
tsimane, 30, )[](, Other, 0.006104, 0.013062
tsimane, 30, OO]), Crossing, 0.028720, 0.041024
tsimane, 30, ]([), Other, 0.006826, 0.015003
tsimane, 30, )OO], Other, 0.005595, 0.014033
tsimane, 30, C([M, Other, 0.004847, 0.012477
tsimane, 30, OMCO, Other, 0.006446, 0.014404
tsimane, 30, OOCM, Crossing, 0.010544, 0.022897
tsimane, 30, ([]), Recursive, 0.516814, 0.099763
tsimane, 30, ]O)O, Other, 0.006131, 0.013846
tsimane, 30, ])([, Other, 0.006652, 0.014507
tsimane, 30, COOC, Other, 0.004221, 0.012523
tsimane, 30, O]O), Other, 0.004955, 0.014322
tsimane, 30, )(][, Other, 0.005242, 0.012913
tsimane, 30, OO)], Crossing, 0.018344, 0.024541
tsimane, 30, COCO, Other, 0.006626, 0.014382
tsimane, 30, [](), Tail, 0.006749, 0.015910
tsimane, 30, CCOO, Other, 0.005221, 0.013225
tsimane, 30, [(CM, Crossing, 0.020082, 0.025512
tsimane, 30, CC([, Other, 0.006123, 0.013301
tsimane, 30, )([], Other, 0.006692, 0.015076
tsimane, 30, )[(], Other, 0.005515, 0.015981
tsimane, 30, [])(, Other, 0.005753, 0.014396
tsimane, 30, OMOM, Tail, 0.005815, 0.014238
tsimane, 30, OOMM, Recursive, 0.026325, 0.038729
tsimane, 30, (CC[, Other, 0.004601, 0.012675
tsimane, 30, ][)(, Other, 0.007464, 0.015782
tsimane, 30, (])[, Other, 0.003552, 0.009564
tsimane, 30, [CC(, Other, 0.006911, 0.014449
tsimane, 30, [(]), Other, 0.013656, 0.021695
tsimane, 30, O)O], Other, 0.007758, 0.015858
tsimane, 30, O)]O, Other, 0.005570, 0.013639
tsimane, 30, C[(M, Other, 0.005782, 0.014611
tsimane, 30, (C[M, Other, 0.006809, 0.014405
tsimane, 30, )][(, Other, 0.004120, 0.011035
tsimane, 30, ([)], Other, 0.039824, 0.037429
tsimane, 30, [()], Recursive, 0.025319, 0.029395
tsimane, 30, O])O, Other, 0.006852, 0.014073
tsimane, 30, ()[], Tail, 0.004836, 0.012505
tsimane, 30, ]()[, Other, 0.005879, 0.013772
tsimane, 30, (][), Other, 0.008636, 0.016378
tsimane, 30, [)](, Other, 0.004983, 0.013259
tsimane, 30, ([CM, Crossing, 0.018228, 0.031229
tsimane, 30, ]OO), Other, 0.005230, 0.011374
tsimane, 30, )]OO, Other, 0.005263, 0.012825
tsimane, 30, C(C[, Other, 0.006743, 0.014284
tsimane, 31, C[C(, Other, 0.006176, 0.013563
tsimane, 31, OCOM, Other, 0.024121, 0.044450
tsimane, 31, )O]O, Other, 0.007800, 0.016865
tsimane, 31, ][(), Other, 0.005323, 0.013558
tsimane, 31, CC[(, Other, 0.006374, 0.013609
tsimane, 31, ])[(, Other, 0.005605, 0.012815
tsimane, 31, OCCO, Other, 0.006844, 0.016537
tsimane, 31, )]([, Other, 0.005080, 0.014555
tsimane, 31, [C(M, Other, 0.018193, 0.034316
tsimane, 31, ])OO, Other, 0.006170, 0.014506
tsimane, 31, ()][, Other, 0.006311, 0.013222
tsimane, 31, [)(], Other, 0.038710, 0.046732
tsimane, 31, )[](, Other, 0.007312, 0.016363
tsimane, 31, OO]), Crossing, 0.024871, 0.033062
tsimane, 31, ]([), Other, 0.006847, 0.015001
tsimane, 31, )OO], Other, 0.008385, 0.016785
tsimane, 31, C([M, Other, 0.003267, 0.009658
tsimane, 31, OMCO, Other, 0.008688, 0.019396
tsimane, 31, OOCM, Crossing, 0.024044, 0.041784
tsimane, 31, ([]), Recursive, 0.191914, 0.075282
tsimane, 31, ]O)O, Other, 0.007148, 0.016055
tsimane, 31, ])([, Other, 0.006912, 0.014693
tsimane, 31, COOC, Other, 0.003860, 0.010819
tsimane, 31, O]O), Other, 0.007786, 0.017801
tsimane, 31, )(][, Other, 0.005846, 0.013481
tsimane, 31, OO)], Crossing, 0.061032, 0.066058
tsimane, 31, COCO, Other, 0.005302, 0.012768
tsimane, 31, [](), Tail, 0.014665, 0.026749
tsimane, 31, CCOO, Other, 0.004719, 0.012129
tsimane, 31, [(CM, Crossing, 0.055411, 0.061347
tsimane, 31, CC([, Other, 0.007974, 0.016212
tsimane, 31, )([], Other, 0.005671, 0.015417
tsimane, 31, )[(], Other, 0.006183, 0.014992
tsimane, 31, [])(, Other, 0.007213, 0.015654
tsimane, 31, OMOM, Tail, 0.015185, 0.027398
tsimane, 31, OOMM, Recursive, 0.036946, 0.048495
tsimane, 31, (CC[, Other, 0.005491, 0.012086
tsimane, 31, ][)(, Other, 0.006319, 0.014489
tsimane, 31, (])[, Other, 0.005190, 0.013614
tsimane, 31, [CC(, Other, 0.007425, 0.015188
tsimane, 31, [(]), Other, 0.020556, 0.030724
tsimane, 31, O)O], Other, 0.026364, 0.039403
tsimane, 31, O)]O, Other, 0.006014, 0.013287
tsimane, 31, C[(M, Other, 0.006177, 0.015017
tsimane, 31, (C[M, Other, 0.010215, 0.025009
tsimane, 31, )][(, Other, 0.006256, 0.014182
tsimane, 31, ([)], Other, 0.074002, 0.058026
tsimane, 31, [()], Recursive, 0.085780, 0.070422
tsimane, 31, O])O, Other, 0.006584, 0.015701
tsimane, 31, ()[], Tail, 0.010620, 0.023235
tsimane, 31, ]()[, Other, 0.006246, 0.015370
tsimane, 31, (][), Other, 0.010646, 0.021118
tsimane, 31, [)](, Other, 0.004533, 0.012831
tsimane, 31, ([CM, Crossing, 0.018778, 0.033741
tsimane, 31, ]OO), Other, 0.007590, 0.017352
tsimane, 31, )]OO, Other, 0.004167, 0.011233
tsimane, 31, C(C[, Other, 0.007164, 0.015579
tsimane, 32, C[C(, Other, 0.006058, 0.014094
tsimane, 32, OCOM, Other, 0.007634, 0.015711
tsimane, 32, )O]O, Other, 0.008136, 0.016977
tsimane, 32, ][(), Other, 0.006129, 0.013282
tsimane, 32, CC[(, Other, 0.006947, 0.014738
tsimane, 32, ])[(, Other, 0.005399, 0.012561
tsimane, 32, OCCO, Other, 0.006568, 0.014665
tsimane, 32, )]([, Other, 0.004000, 0.010984
tsimane, 32, [C(M, Other, 0.007159, 0.017216
tsimane, 32, ])OO, Other, 0.005290, 0.011657
tsimane, 32, ()][, Other, 0.007215, 0.015357
tsimane, 32, [)(], Other, 0.011654, 0.020220
tsimane, 32, )[](, Other, 0.005660, 0.013125
tsimane, 32, OO]), Crossing, 0.027087, 0.035693
tsimane, 32, ]([), Other, 0.006740, 0.014689
tsimane, 32, )OO], Other, 0.012910, 0.024340
tsimane, 32, C([M, Other, 0.008764, 0.019425
tsimane, 32, OMCO, Other, 0.007346, 0.016092
tsimane, 32, OOCM, Crossing, 0.015787, 0.031529
tsimane, 32, ([]), Recursive, 0.182305, 0.076434
tsimane, 32, ]O)O, Other, 0.005104, 0.012444
tsimane, 32, ])([, Other, 0.006407, 0.014118
tsimane, 32, COOC, Other, 0.005870, 0.015408
tsimane, 32, O]O), Other, 0.004032, 0.010708
tsimane, 32, )(][, Other, 0.006134, 0.014569
tsimane, 32, OO)], Crossing, 0.055375, 0.067294
tsimane, 32, COCO, Other, 0.006639, 0.015155
tsimane, 32, [](), Tail, 0.006889, 0.014229
tsimane, 32, CCOO, Other, 0.004725, 0.012367
tsimane, 32, [(CM, Crossing, 0.034917, 0.039804
tsimane, 32, CC([, Other, 0.007111, 0.015446
tsimane, 32, )([], Other, 0.013015, 0.024663
tsimane, 32, )[(], Other, 0.005187, 0.013534
tsimane, 32, [])(, Other, 0.006980, 0.014765
tsimane, 32, OMOM, Tail, 0.008307, 0.016115
tsimane, 32, OOMM, Recursive, 0.025503, 0.033092
tsimane, 32, (CC[, Other, 0.004034, 0.012340
tsimane, 32, ][)(, Other, 0.008150, 0.016834
tsimane, 32, (])[, Other, 0.005511, 0.014344
tsimane, 32, [CC(, Other, 0.006450, 0.016139
tsimane, 32, [(]), Other, 0.022621, 0.033057
tsimane, 32, O)O], Other, 0.007367, 0.016155
tsimane, 32, O)]O, Other, 0.006308, 0.014857
tsimane, 32, C[(M, Other, 0.005459, 0.014151
tsimane, 32, (C[M, Other, 0.005944, 0.013743
tsimane, 32, )][(, Other, 0.005710, 0.014525
tsimane, 32, ([)], Other, 0.250581, 0.105599
tsimane, 32, [()], Recursive, 0.034436, 0.040479
tsimane, 32, O])O, Other, 0.009325, 0.019133
tsimane, 32, ()[], Tail, 0.005102, 0.013979
tsimane, 32, ]()[, Other, 0.006503, 0.015028
tsimane, 32, (][), Other, 0.006876, 0.013682
tsimane, 32, [)](, Other, 0.004017, 0.010776
tsimane, 32, ([CM, Crossing, 0.038124, 0.064031
tsimane, 32, ]OO), Other, 0.005868, 0.014223
tsimane, 32, )]OO, Other, 0.003944, 0.009874
tsimane, 32, C(C[, Other, 0.006683, 0.013480
tsimane, 33, C[C(, Other, 0.006624, 0.013403
tsimane, 33, OCOM, Other, 0.007932, 0.015850
tsimane, 33, )O]O, Other, 0.006974, 0.014358
tsimane, 33, ][(), Other, 0.005759, 0.015366
tsimane, 33, CC[(, Other, 0.006496, 0.013867
tsimane, 33, ])[(, Other, 0.005982, 0.014012
tsimane, 33, OCCO, Other, 0.004478, 0.012591
tsimane, 33, )]([, Other, 0.004468, 0.012138
tsimane, 33, [C(M, Other, 0.007076, 0.015605
tsimane, 33, ])OO, Other, 0.005774, 0.013495
tsimane, 33, ()][, Other, 0.006998, 0.014177
tsimane, 33, [)(], Other, 0.010944, 0.018839
tsimane, 33, )[](, Other, 0.006050, 0.013127
tsimane, 33, OO]), Crossing, 0.042644, 0.052463
tsimane, 33, ]([), Other, 0.007639, 0.016644
tsimane, 33, )OO], Other, 0.004658, 0.011599
tsimane, 33, C([M, Other, 0.004707, 0.011036
tsimane, 33, OMCO, Other, 0.007245, 0.016164
tsimane, 33, OOCM, Crossing, 0.014021, 0.026851
tsimane, 33, ([]), Recursive, 0.478991, 0.101984
tsimane, 33, ]O)O, Other, 0.005454, 0.012679
tsimane, 33, ])([, Other, 0.006466, 0.015644
tsimane, 33, COOC, Other, 0.003370, 0.009571
tsimane, 33, O]O), Other, 0.004912, 0.012478
tsimane, 33, )(][, Other, 0.005326, 0.012806
tsimane, 33, OO)], Crossing, 0.019039, 0.027099
tsimane, 33, COCO, Other, 0.004862, 0.011330
tsimane, 33, [](), Tail, 0.006308, 0.014067
tsimane, 33, CCOO, Other, 0.004735, 0.011066
tsimane, 33, [(CM, Crossing, 0.025539, 0.033392
tsimane, 33, CC([, Other, 0.006389, 0.015730
tsimane, 33, )([], Other, 0.007217, 0.015366
tsimane, 33, )[(], Other, 0.006273, 0.014471
tsimane, 33, [])(, Other, 0.006300, 0.013829
tsimane, 33, OMOM, Tail, 0.005889, 0.014219
tsimane, 33, OOMM, Recursive, 0.024249, 0.035866
tsimane, 33, (CC[, Other, 0.005043, 0.012032
tsimane, 33, ][)(, Other, 0.007101, 0.015496
tsimane, 33, (])[, Other, 0.005115, 0.012750
tsimane, 33, [CC(, Other, 0.007304, 0.013216
tsimane, 33, [(]), Other, 0.022275, 0.031080
tsimane, 33, O)O], Other, 0.007622, 0.015758
tsimane, 33, O)]O, Other, 0.005790, 0.012732
tsimane, 33, C[(M, Other, 0.005439, 0.013347
tsimane, 33, (C[M, Other, 0.007256, 0.015312
tsimane, 33, )][(, Other, 0.005626, 0.013521
tsimane, 33, ([)], Other, 0.041130, 0.038955
tsimane, 33, [()], Recursive, 0.028146, 0.035304
tsimane, 33, O])O, Other, 0.008405, 0.018451
tsimane, 33, ()[], Tail, 0.004966, 0.011812
tsimane, 33, ]()[, Other, 0.006123, 0.015418
tsimane, 33, (][), Other, 0.007301, 0.014591
tsimane, 33, [)](, Other, 0.004247, 0.011193
tsimane, 33, ([CM, Crossing, 0.018014, 0.031246
tsimane, 33, ]OO), Other, 0.005466, 0.013308
tsimane, 33, )]OO, Other, 0.003941, 0.009967
tsimane, 33, C(C[, Other, 0.005899, 0.013070
tsimane, 34, C[C(, Other, 0.004438, 0.011924
tsimane, 34, OCOM, Other, 0.011876, 0.022312
tsimane, 34, )O]O, Other, 0.008043, 0.015916
tsimane, 34, ][(), Other, 0.006449, 0.014620
tsimane, 34, CC[(, Other, 0.005510, 0.013160
tsimane, 34, ])[(, Other, 0.006644, 0.016047
tsimane, 34, OCCO, Other, 0.007454, 0.014649
tsimane, 34, )]([, Other, 0.004994, 0.013202
tsimane, 34, [C(M, Other, 0.006097, 0.013163
tsimane, 34, ])OO, Other, 0.007527, 0.015399
tsimane, 34, ()][, Other, 0.006205, 0.014698
tsimane, 34, [)(], Other, 0.011427, 0.021819
tsimane, 34, )[](, Other, 0.005273, 0.014773
tsimane, 34, OO]), Crossing, 0.017767, 0.025734
tsimane, 34, ]([), Other, 0.006698, 0.015191
tsimane, 34, )OO], Other, 0.006283, 0.013748
tsimane, 34, C([M, Other, 0.004906, 0.012761
tsimane, 34, OMCO, Other, 0.009160, 0.018373
tsimane, 34, OOCM, Crossing, 0.011274, 0.023233
tsimane, 34, ([]), Recursive, 0.196577, 0.074040
tsimane, 34, ]O)O, Other, 0.005858, 0.013730
tsimane, 34, ])([, Other, 0.007142, 0.016064
tsimane, 34, COOC, Other, 0.003837, 0.012350
tsimane, 34, O]O), Other, 0.010513, 0.026592
tsimane, 34, )(][, Other, 0.005190, 0.012413
tsimane, 34, OO)], Crossing, 0.044124, 0.061447
tsimane, 34, COCO, Other, 0.004473, 0.011337
tsimane, 34, [](), Tail, 0.008351, 0.016829
tsimane, 34, CCOO, Other, 0.005632, 0.013036
tsimane, 34, [(CM, Crossing, 0.052705, 0.071547
tsimane, 34, CC([, Other, 0.007197, 0.016645
tsimane, 34, )([], Other, 0.005806, 0.013964
tsimane, 34, )[(], Other, 0.006572, 0.014779
tsimane, 34, [])(, Other, 0.005196, 0.012435
tsimane, 34, OMOM, Tail, 0.005758, 0.013625
tsimane, 34, OOMM, Recursive, 0.038126, 0.056810
tsimane, 34, (CC[, Other, 0.005161, 0.012471
tsimane, 34, ][)(, Other, 0.007009, 0.014576
tsimane, 34, (])[, Other, 0.005863, 0.015694
tsimane, 34, [CC(, Other, 0.007440, 0.014582
tsimane, 34, [(]), Other, 0.015135, 0.022930
tsimane, 34, O)O], Other, 0.008766, 0.016974
tsimane, 34, O)]O, Other, 0.006584, 0.014338
tsimane, 34, C[(M, Other, 0.005689, 0.012784
tsimane, 34, (C[M, Other, 0.009453, 0.019362
tsimane, 34, )][(, Other, 0.005700, 0.014911
tsimane, 34, ([)], Other, 0.039144, 0.036582
tsimane, 34, [()], Recursive, 0.247273, 0.120755
tsimane, 34, O])O, Other, 0.006427, 0.013980
tsimane, 34, ()[], Tail, 0.005832, 0.012331
tsimane, 34, ]()[, Other, 0.005006, 0.012667
tsimane, 34, (][), Other, 0.020365, 0.030902
tsimane, 34, [)](, Other, 0.004445, 0.012672
tsimane, 34, ([CM, Crossing, 0.015495, 0.025176
tsimane, 34, ]OO), Other, 0.005428, 0.013112
tsimane, 34, )]OO, Other, 0.006160, 0.013554
tsimane, 34, C(C[, Other, 0.006540, 0.015670
tsimane, 35, C[C(, Other, 0.005141, 0.012339
tsimane, 35, OCOM, Other, 0.007826, 0.015319
tsimane, 35, )O]O, Other, 0.006037, 0.014056
tsimane, 35, ][(), Other, 0.005509, 0.012834
tsimane, 35, CC[(, Other, 0.005858, 0.014018
tsimane, 35, ])[(, Other, 0.005969, 0.012919
tsimane, 35, OCCO, Other, 0.007493, 0.015622
tsimane, 35, )]([, Other, 0.004718, 0.011575
tsimane, 35, [C(M, Other, 0.006138, 0.015294
tsimane, 35, ])OO, Other, 0.005345, 0.012909
tsimane, 35, ()][, Other, 0.005796, 0.014242
tsimane, 35, [)(], Other, 0.009079, 0.016968
tsimane, 35, )[](, Other, 0.005317, 0.012083
tsimane, 35, OO]), Crossing, 0.033081, 0.044086
tsimane, 35, ]([), Other, 0.007036, 0.015073
tsimane, 35, )OO], Other, 0.005945, 0.014889
tsimane, 35, C([M, Other, 0.005496, 0.013429
tsimane, 35, OMCO, Other, 0.007176, 0.016653
tsimane, 35, OOCM, Crossing, 0.015767, 0.031762
tsimane, 35, ([]), Recursive, 0.371640, 0.100498
tsimane, 35, ]O)O, Other, 0.007395, 0.014671
tsimane, 35, ])([, Other, 0.006843, 0.015199
tsimane, 35, COOC, Other, 0.003613, 0.011424
tsimane, 35, O]O), Other, 0.005241, 0.013112
tsimane, 35, )(][, Other, 0.005136, 0.012937
tsimane, 35, OO)], Crossing, 0.046198, 0.052690
tsimane, 35, COCO, Other, 0.004989, 0.012034
tsimane, 35, [](), Tail, 0.007540, 0.016027
tsimane, 35, CCOO, Other, 0.004682, 0.014012
tsimane, 35, [(CM, Crossing, 0.023389, 0.027808
tsimane, 35, CC([, Other, 0.006396, 0.014236
tsimane, 35, )([], Other, 0.006192, 0.014831
tsimane, 35, )[(], Other, 0.005208, 0.013316
tsimane, 35, [])(, Other, 0.007006, 0.014314
tsimane, 35, OMOM, Tail, 0.005710, 0.013429
tsimane, 35, OOMM, Recursive, 0.032434, 0.041642
tsimane, 35, (CC[, Other, 0.006085, 0.016497
tsimane, 35, ][)(, Other, 0.007055, 0.015283
tsimane, 35, (])[, Other, 0.005355, 0.013127
tsimane, 35, [CC(, Other, 0.007345, 0.015110
tsimane, 35, [(]), Other, 0.011027, 0.018983
tsimane, 35, O)O], Other, 0.008607, 0.016450
tsimane, 35, O)]O, Other, 0.006256, 0.013942
tsimane, 35, C[(M, Other, 0.006129, 0.014453
tsimane, 35, (C[M, Other, 0.007495, 0.018185
tsimane, 35, )][(, Other, 0.005367, 0.013087
tsimane, 35, ([)], Other, 0.095516, 0.067329
tsimane, 35, [()], Recursive, 0.031598, 0.036645
tsimane, 35, O])O, Other, 0.006916, 0.014805
tsimane, 35, ()[], Tail, 0.006469, 0.013181
tsimane, 35, ]()[, Other, 0.007235, 0.016884
tsimane, 35, (][), Other, 0.007939, 0.016123
tsimane, 35, [)](, Other, 0.004151, 0.010897
tsimane, 35, ([CM, Crossing, 0.050582, 0.065605
tsimane, 35, ]OO), Other, 0.004517, 0.011114
tsimane, 35, )]OO, Other, 0.004779, 0.012351
tsimane, 35, C(C[, Other, 0.005237, 0.012642
tsimane, 36, C[C(, Other, 0.006977, 0.014784
tsimane, 36, OCOM, Other, 0.009185, 0.020955
tsimane, 36, )O]O, Other, 0.007557, 0.015821
tsimane, 36, ][(), Other, 0.005354, 0.012730
tsimane, 36, CC[(, Other, 0.005655, 0.014533
tsimane, 36, ])[(, Other, 0.007365, 0.015646
tsimane, 36, OCCO, Other, 0.005752, 0.013495
tsimane, 36, )]([, Other, 0.004900, 0.011836
tsimane, 36, [C(M, Other, 0.016395, 0.026437
tsimane, 36, ])OO, Other, 0.006124, 0.015785
tsimane, 36, ()][, Other, 0.005521, 0.012405
tsimane, 36, [)(], Other, 0.010542, 0.021580
tsimane, 36, )[](, Other, 0.006339, 0.014953
tsimane, 36, OO]), Crossing, 0.044940, 0.054491
tsimane, 36, ]([), Other, 0.006197, 0.012930
tsimane, 36, )OO], Other, 0.006958, 0.015375
tsimane, 36, C([M, Other, 0.006812, 0.015918
tsimane, 36, OMCO, Other, 0.007315, 0.014061
tsimane, 36, OOCM, Crossing, 0.024048, 0.044869
tsimane, 36, ([]), Recursive, 0.323548, 0.097011
tsimane, 36, ]O)O, Other, 0.007232, 0.016360
tsimane, 36, ])([, Other, 0.007146, 0.014411
tsimane, 36, COOC, Other, 0.005146, 0.013744
tsimane, 36, O]O), Other, 0.008605, 0.019348
tsimane, 36, )(][, Other, 0.005109, 0.013059
tsimane, 36, OO)], Crossing, 0.035594, 0.046409
tsimane, 36, COCO, Other, 0.007277, 0.015724
tsimane, 36, [](), Tail, 0.013397, 0.023324
tsimane, 36, CCOO, Other, 0.005956, 0.013135
tsimane, 36, [(CM, Crossing, 0.050043, 0.050774
tsimane, 36, CC([, Other, 0.006912, 0.015496
tsimane, 36, )([], Other, 0.005542, 0.015221
tsimane, 36, )[(], Other, 0.006289, 0.014973
tsimane, 36, [])(, Other, 0.007067, 0.016750
tsimane, 36, OMOM, Tail, 0.008403, 0.018864
tsimane, 36, OOMM, Recursive, 0.024230, 0.037589
tsimane, 36, (CC[, Other, 0.003121, 0.008901
tsimane, 36, ][)(, Other, 0.006863, 0.014883
tsimane, 36, (])[, Other, 0.005666, 0.014355
tsimane, 36, [CC(, Other, 0.007103, 0.015341
tsimane, 36, [(]), Other, 0.031880, 0.040513
tsimane, 36, O)O], Other, 0.009406, 0.020430
tsimane, 36, O)]O, Other, 0.004800, 0.011182
tsimane, 36, C[(M, Other, 0.005721, 0.014288
tsimane, 36, (C[M, Other, 0.007943, 0.016016
tsimane, 36, )][(, Other, 0.006016, 0.013536
tsimane, 36, ([)], Other, 0.072055, 0.054386
tsimane, 36, [()], Recursive, 0.033987, 0.037380
tsimane, 36, O])O, Other, 0.006872, 0.014075
tsimane, 36, ()[], Tail, 0.006311, 0.014584
tsimane, 36, ]()[, Other, 0.007094, 0.015079
tsimane, 36, (][), Other, 0.008918, 0.019550
tsimane, 36, [)](, Other, 0.004204, 0.010644
tsimane, 36, ([CM, Crossing, 0.032967, 0.055892
tsimane, 36, ]OO), Other, 0.004903, 0.012417
tsimane, 36, )]OO, Other, 0.004473, 0.010925
tsimane, 36, C(C[, Other, 0.008263, 0.016541
tsimane, 37, C[C(, Other, 0.005980, 0.014746
tsimane, 37, OCOM, Other, 0.020376, 0.030656
tsimane, 37, )O]O, Other, 0.007752, 0.015556
tsimane, 37, ][(), Other, 0.005789, 0.013221
tsimane, 37, CC[(, Other, 0.006907, 0.014872
tsimane, 37, ])[(, Other, 0.007478, 0.016201
tsimane, 37, OCCO, Other, 0.016605, 0.029718
tsimane, 37, )]([, Other, 0.004278, 0.011323
tsimane, 37, [C(M, Other, 0.011212, 0.022083
tsimane, 37, ])OO, Other, 0.006262, 0.013667
tsimane, 37, ()][, Other, 0.010034, 0.022887
tsimane, 37, [)(], Other, 0.021493, 0.030759
tsimane, 37, )[](, Other, 0.006237, 0.014196
tsimane, 37, OO]), Crossing, 0.050338, 0.055481
tsimane, 37, ]([), Other, 0.005952, 0.013957
tsimane, 37, )OO], Other, 0.006464, 0.014211
tsimane, 37, C([M, Other, 0.006234, 0.015327
tsimane, 37, OMCO, Other, 0.025001, 0.038114
tsimane, 37, OOCM, Crossing, 0.014350, 0.030130
tsimane, 37, ([]), Recursive, 0.279951, 0.094512
tsimane, 37, ]O)O, Other, 0.006711, 0.016101
tsimane, 37, ])([, Other, 0.005863, 0.013208
tsimane, 37, COOC, Other, 0.005246, 0.014134
tsimane, 37, O]O), Other, 0.007563, 0.021718
tsimane, 37, )(][, Other, 0.005704, 0.014678
tsimane, 37, OO)], Crossing, 0.025520, 0.034068
tsimane, 37, COCO, Other, 0.006050, 0.013790
tsimane, 37, [](), Tail, 0.009174, 0.018683
tsimane, 37, CCOO, Other, 0.005194, 0.013221
tsimane, 37, [(CM, Crossing, 0.032885, 0.038987
tsimane, 37, CC([, Other, 0.006536, 0.015825
tsimane, 37, )([], Other, 0.006220, 0.014781
tsimane, 37, )[(], Other, 0.005477, 0.012639
tsimane, 37, [])(, Other, 0.013816, 0.026239
tsimane, 37, OMOM, Tail, 0.006397, 0.016518
tsimane, 37, OOMM, Recursive, 0.025278, 0.035287
tsimane, 37, (CC[, Other, 0.015805, 0.032608
tsimane, 37, ][)(, Other, 0.008009, 0.016106
tsimane, 37, (])[, Other, 0.009816, 0.021989
tsimane, 37, [CC(, Other, 0.011902, 0.022247
tsimane, 37, [(]), Other, 0.035036, 0.043896
tsimane, 37, O)O], Other, 0.012731, 0.022947
tsimane, 37, O)]O, Other, 0.008208, 0.019608
tsimane, 37, C[(M, Other, 0.006417, 0.014184
tsimane, 37, (C[M, Other, 0.012264, 0.024134
tsimane, 37, )][(, Other, 0.006029, 0.015917
tsimane, 37, ([)], Other, 0.062206, 0.050657
tsimane, 37, [()], Recursive, 0.025345, 0.031327
tsimane, 37, O])O, Other, 0.018105, 0.032412
tsimane, 37, ()[], Tail, 0.005436, 0.013335
tsimane, 37, ]()[, Other, 0.005625, 0.014767
tsimane, 37, (][), Other, 0.018285, 0.028773
tsimane, 37, [)](, Other, 0.005062, 0.013718
tsimane, 37, ([CM, Crossing, 0.024240, 0.038061
tsimane, 37, ]OO), Other, 0.004913, 0.012333
tsimane, 37, )]OO, Other, 0.004922, 0.013024
tsimane, 37, C(C[, Other, 0.007317, 0.016418
tsimane, 38, C[C(, Other, 0.005366, 0.013221
tsimane, 38, OCOM, Other, 0.008710, 0.017413
tsimane, 38, )O]O, Other, 0.007379, 0.014245
tsimane, 38, ][(), Other, 0.006146, 0.014832
tsimane, 38, CC[(, Other, 0.005067, 0.013751
tsimane, 38, ])[(, Other, 0.005456, 0.012747
tsimane, 38, OCCO, Other, 0.006397, 0.015876
tsimane, 38, )]([, Other, 0.003488, 0.011005
tsimane, 38, [C(M, Other, 0.006392, 0.012801
tsimane, 38, ])OO, Other, 0.007051, 0.015582
tsimane, 38, ()][, Other, 0.006525, 0.014174
tsimane, 38, [)(], Other, 0.010041, 0.018668
tsimane, 38, )[](, Other, 0.005282, 0.013509
tsimane, 38, OO]), Crossing, 0.028638, 0.035028
tsimane, 38, ]([), Other, 0.017395, 0.028858
tsimane, 38, )OO], Other, 0.006728, 0.014874
tsimane, 38, C([M, Other, 0.009905, 0.019675
tsimane, 38, OMCO, Other, 0.006256, 0.013952
tsimane, 38, OOCM, Crossing, 0.022312, 0.042347
tsimane, 38, ([]), Recursive, 0.213627, 0.076906
tsimane, 38, ]O)O, Other, 0.007795, 0.019852
tsimane, 38, ])([, Other, 0.006979, 0.014486
tsimane, 38, COOC, Other, 0.006172, 0.017173
tsimane, 38, O]O), Other, 0.005631, 0.014798
tsimane, 38, )(][, Other, 0.004976, 0.012692
tsimane, 38, OO)], Crossing, 0.070537, 0.079854
tsimane, 38, COCO, Other, 0.006083, 0.013213
tsimane, 38, [](), Tail, 0.008626, 0.017345
tsimane, 38, CCOO, Other, 0.005119, 0.012363
tsimane, 38, [(CM, Crossing, 0.057847, 0.069643
tsimane, 38, CC([, Other, 0.005804, 0.012655
tsimane, 38, )([], Other, 0.006317, 0.014706
tsimane, 38, )[(], Other, 0.004386, 0.012231
tsimane, 38, [])(, Other, 0.007029, 0.015769
tsimane, 38, OMOM, Tail, 0.005232, 0.012534
tsimane, 38, OOMM, Recursive, 0.044549, 0.060160
tsimane, 38, (CC[, Other, 0.005476, 0.014243
tsimane, 38, ][)(, Other, 0.008688, 0.018238
tsimane, 38, (])[, Other, 0.004891, 0.014299
tsimane, 38, [CC(, Other, 0.006956, 0.014916
tsimane, 38, [(]), Other, 0.022424, 0.030530
tsimane, 38, O)O], Other, 0.007613, 0.016447
tsimane, 38, O)]O, Other, 0.006336, 0.015026
tsimane, 38, C[(M, Other, 0.005251, 0.012716
tsimane, 38, (C[M, Other, 0.009108, 0.019612
tsimane, 38, )][(, Other, 0.005951, 0.013538
tsimane, 38, ([)], Other, 0.071574, 0.055119
tsimane, 38, [()], Recursive, 0.126675, 0.093155
tsimane, 38, O])O, Other, 0.006664, 0.013673
tsimane, 38, ()[], Tail, 0.004873, 0.012161
tsimane, 38, ]()[, Other, 0.006372, 0.013978
tsimane, 38, (][), Other, 0.007864, 0.017075
tsimane, 38, [)](, Other, 0.003979, 0.010949
tsimane, 38, ([CM, Crossing, 0.026488, 0.040702
tsimane, 38, ]OO), Other, 0.009854, 0.021119
tsimane, 38, )]OO, Other, 0.005615, 0.012835
tsimane, 38, C(C[, Other, 0.006105, 0.014344
